UPC,ITEM NO.,MODEL,Brand,
37447080630,831676,PIRANHA,LEATHERMAN,--  -- 
37447243356,831681,PIRANHA,LEATHERMAN,--  -- 
847706007441,880228,T,LED LENSER,BLACK --  -- 
847706009377,880227,TT,LED LENSER,BLACK --  -- 
847706010472,880224,F1R,LED LENSER,BLACK -- RECHARGEABLE -- 
847706034010,880214,NEO ,LED LENSER,GREEN --  -- 
847706034027,880213,NEO ,LED LENSER,BLUE --  -- 
847706039114,880229,T,LED LENSER,BLACK --  -- 
847706040387,880292,TQC,LED LENSER,BLACK -- WHITE-RED-GREEN-BLUE -- 
847706048093,880225,F1R,LED LENSER,BLACK -- RECHARGEABLE -- 
847706056616,880133,F1,LED LENSER,BLACK --  -- 
847706077741,880222,F1W,LED LENSER,WHITE --  -- 
847706087467,880291,TQC,LED LENSER,BLACK -- WHITE-RED-GREEN-BLUE -- 
847706087801,880217,NEO ,LED LENSER,YELLOW --  -- 
847706089232,880215,NEO ,LED LENSER,ORANGE --  -- 
847706090702,880216,NEO ,LED LENSER,PINK --  -- 
847706093758,880223,F1W,LED LENSER,WHITE --  -- 
847706098296,880226,TT,LED LENSER,BLACK --  -- 
37447001161,832250,TREAD LINK 5,LEATHERMAN,BLACK --  -- 
37447002656,831805,RAIL,LEATHERMAN,BLACK --  -- MOLLE BLACK
37447003493,931018,TWEEZERS,LEATHERMAN,-- FOR STYLE -- 
37447006159,831795,OHT,LEATHERMAN,SILVER --  -- MOLLE BLACK
37447008948,832011,JUICE C2,LEATHERMAN,SUNRISE YELLOW --  -- 
37447008993,831844,LEAP,LEATHERMAN,RED --  -- 
37447009297,832237,TREAD LINK 4,LEATHERMAN,STAINLESS --  -- 
37447010644,832163,RAPTOR,LEATHERMAN,TAN --  -- MOLLE
37447018985,831330,CHARGE ALX,LEATHERMAN,BLACK --  -- MOLLE BLACK
37447020261,931019,TWEEZERS,LEATHERMAN,-- FOR STYLE CS -- 
37447020377,831226,SQUIRT PS4,LEATHERMAN,RED --  -- 
37447022784,831783,HAIL & STYLE PS,LEATHERMAN,-- NOT FOR CLIMBING -- 
37447027413,831227,SQUIRT PS4,LEATHERMAN,RED --  -- 
37447031113,831642,OHT,LEATHERMAN,COYOTE TAN --  -- MOLLE BROWN
37447041457,860011N,CRATER C33,LEATHERMAN,--  -- 
37447044137,831228,SQUIRT PS4,LEATHERMAN,RED --  -- 
37447045448,8600140N,CRATER C33,LEATHERMAN,--  -- 
37447048043,831936,JUICE C2,LEATHERMAN,GRANITE GRAY --  -- PREMIUM SHEATH
37447055072,832166,RAPTOR,LEATHERMAN,BLACK --  -- UTILITY
37447056499,831942,JUICE S2,LEATHERMAN,CINNABAR ORANGE --  -- PREMIUM SHEATH
37447057052,831331,WAVE,LEATHERMAN,BLACK --  -- MOLLE BLACK
37447062308,832170,RAPTOR,LEATHERMAN,ORANGE --  -- UTILITY
37447065866,831872,CRATER C33SX,LEATHERMAN,BLACK --   -- 
37447068164,860021N,CRATER C33X,LEATHERMAN,--  -- 
37447070860,832231,TREAD,LEATHERMAN,STAINLESS --  -- 
37447073151,831960,JUICE XE6,LEATHERMAN,MOSS GREEN --  -- 
37447073366,831777,RIME,LEATHERMAN,-- NOT FOR CLIMBING -- 
37447073892,832017,JUICE XE6,LEATHERMAN,GRANITE GRAY --  -- 
37447074288,831664,WAVE,LEATHERMAN,BLACK -- CAP CRIMPER -- MOLLE BLACK
37447078781,832252,TREAD LINK 7,LEATHERMAN,BLACK --  -- 
37447080111,8600240N,CRATER C33X,LEATHERMAN,--  -- 
37447087660,831345,CHARGE ALX,LEATHERMAN,BLACK -- SQUARE BIT -- MOLLE BLACK
37447088360,830751,SURGE,LEATHERMAN,-- SQUARE BIT -- PREMIUM SHEATH
37447097782,830078,WAVE,LEATHERMAN,--  -- PREMIUM SHEATH
37447101076,831985,JUICE S2,LEATHERMAN,GRANITE GRAY --  -- PREMIUM SHEATH
37447102073,930378,CARABINER CAP LIFTER,LEATHERMAN,--  -- 
37447102110,831665,WAVE,LEATHERMAN,BLACK -- CAP CRIMP & SQUARE BIT -- MOLLE BLACK
37447103124,831556,REBAR,LEATHERMAN,--  -- STANDARD SHEATH
37447106866,831148,SUPER TOOL 300,LEATHERMAN,--  -- STANDARD SHEATH
37447108198,832160,RAPTOR,LEATHERMAN,ORANGE --  -- MOLLE
37447108631,831332,WAVE,LEATHERMAN,BLACK -- CAP CRIMPER -- MOLLE BLACK
37447108884,831229,SQUIRT PS4,LEATHERMAN,BLUE --  -- 
37447109959,831333,SURGE,LEATHERMAN,BLACK --  -- MOLLE BLACK
37447114885,64320181N,MICRA,LEATHERMAN,BLACK -- ALUMINUM -- 
37447114892,831364,SUPER TOOL 300 EOD,LEATHERMAN,BLACK --  -- MOLLE BROWN
37447117008,830108,WAVE,LEATHERMAN,-- SQUARE BIT -- PREMIUM SHEATH
37447130076,930377,SAW-METAL CUTTING TSHANK,LEATHERMAN,BLACK -- SUPER TOOL 300 EOD -- 
37447132513,831865,STYLE PS,LEATHERMAN,RED --   -- 
37447143403,8600251N,CRATER C33X,LEATHERMAN,BLACK --  -- 
37447145650,832253,TREAD LINK 8,LEATHERMAN,BLACK --  -- 
37447146466,931012,REMOVABLE BIT DRIVER,LEATHERMAN,--  -- 
37447148316,831346,WAVE,LEATHERMAN,BLACK -- SQUARE BIT -- MOLLE BLACK
37447152658,930382,PUNCH,LEATHERMAN,"BLACK -- 3/32"" -- "
37447153921,831645,OHT,LEATHERMAN,BLACK --  -- MOLLE BROWN
37447155284,831230,SQUIRT PS4,LEATHERMAN,BLUE --  -- 
37447156779,831231,SQUIRT PS4,LEATHERMAN,BLUE --  -- 
37447160226,832136,REV,LEATHERMAN,--   -- STANDARD SHEATH
37447161209,831838,LEAP,LEATHERMAN,GREEN --  -- 
37447169755,831232,SQUIRT PS4,LEATHERMAN,BLACK --  -- 
37447170386,830079,WAVE,LEATHERMAN,--  -- STANDARD SHEATH
37447170836,832249,TREAD LINK 4,LEATHERMAN,BLACK --  -- 
37447175299,832137,REV,LEATHERMAN,--  -- STANDARD SHEATH
37447177231,831640,OHT,LEATHERMAN,COYOTE TAN --  -- MOLLE BLACK
37447178030,831334,SURGE,LEATHERMAN,BLACK --  -- PREMIUM SHEATH
37447179693,831347,WAVE,LEATHERMAN,BLACK -- CAP CRIMPER -- MOLLE BLACK
37447180514,862540N,CRATER C33X,LEATHERMAN,BLACK --  -- 
37447189760,831859,JAM,LEATHERMAN,-- NOT FOR CLIMBING -- 
37447192043,831802,PUMP,LEATHERMAN,BLACK --  -- MOLLE BLACK
37447193576,831335,SURGE,LEATHERMAN,BLACK --  -- STANDARD SHEATH
37447193910,831944,JUICE S2,LEATHERMAN,GRANITE GRAY --  -- PREMIUM SHEATH
37447195969,832241,TREAD LINK 8,LEATHERMAN,STAINLESS --  -- 
37447200427,831149,SUPER TOOL 300,LEATHERMAN,--  -- STANDARD SHEATH
37447201813,831988,JUICE CS4,LEATHERMAN,GRANITE GRAY --  -- 
37447204333,831873,CRATER C33SX,LEATHERMAN,BLACK --  -- 
37447206290,832021,TREAD QM1,LEATHERMAN,STAINLESS --  -- 
37447209765,934810,SHEATH,LEATHERMAN,BLACK -- CHARGE & WAVE -- STANDARD SHEATH
37447210112,830127,WAVE,LEATHERMAN,-- SQUARE BIT -- PREMIUM SHEATH
37447211102,832135,REV,LEATHERMAN,--  -- STANDARD SHEATH
37447214219,831837,LEAP,LEATHERMAN,GREEN --  -- 
37447215308,832254,TREAD LINK 9,LEATHERMAN,BLACK --  -- 
37447218163,830109,WAVE,LEATHERMAN,-- SQUARE BIT -- STANDARD SHEATH
37447222948,831935,JUICE C2,LEATHERMAN,GRANITE GRAY --  -- 
37447224553,831643,OHT,LEATHERMAN,BLACK --  -- MOLLE BLACK
37447230059,831348,SURGE,LEATHERMAN,BLACK -- SQUARE BIT -- MOLLE BLACK
37447230288,931013,REMOVABLE BIT DRIVER,LEATHERMAN,BLACK --  -- 
37447233876,831861,JAM,LEATHERMAN,-- NOT FOR CLIMBING -- 
37447234767,931003,SAW & FILE REPLACEMENT,LEATHERMAN,--  -- BLACK SLEEVE
37447236693,930350,CUTTER INSERTS,LEATHERMAN,--  -- 
37447240560,831948,JUICE XE6,LEATHERMAN,MOSS GREEN --  -- PREMIUM SHEATH
37447240614,850111N,MUT,LEATHERMAN,--  -- MOLLE BLACK
37447242342,830232,SURGE,LEATHERMAN,-- SQUARE BIT -- PREMIUM SHEATH
37447247064,831233,SQUIRT PS4,LEATHERMAN,BLACK --  -- 
37447248887,831349,SURGE,LEATHERMAN,BLACK -- SQUARE BIT -- PREMIUM SHEATH
37447250170,831365,SUPER TOOL 300 EOD,LEATHERMAN,BLACK --  -- MOLLE BLACK
37447251405,831234,SQUIRT PS4,LEATHERMAN,BLACK --  -- 
37447252853,831862,JAM & STYLE PS,LEATHERMAN,-- NOT FOR CLIMBING -- 
37447260070,831121,FREESTYLE,LEATHERMAN,--  -- 
37447260940,831639,OHT,LEATHERMAN,BLACK --  -- MOLLE BLACK
37447261213,832246,TREAD LINK 1,LEATHERMAN,BLACK --  -- 
37447261824,830110,WAVE,LEATHERMAN,-- SQUARE BIT -- PREMIUM SHEATH
37447266812,830762N,CHARGE ALX,LEATHERMAN,BLACK --  -- MOLLE BLACK
37447268786,831235,SQUIRT ES4,LEATHERMAN,RED --  -- 
37447274718,64350181N,MICRA,LEATHERMAN,GREEN -- ALUMINUM -- 
37447275975,832120,BY THE NUMBER #5,LEATHERMAN,--  -- 
37447278112,832266,SIGNAL,LEATHERMAN,--  -- STANDARD SHEATH
37447278914,831236,SQUIRT ES4,LEATHERMAN,RED --  -- 
37447279508,830080,WAVE,LEATHERMAN,--  -- PREMIUM SHEATH
37447280207,832248,TREAD LINK 3,LEATHERMAN,BLACK --  -- 
37447281556,831789,SKELETOOL SX,LEATHERMAN,--  -- 
37447282454,831560,REBAR,LEATHERMAN,--  -- LEATHER BOX
37447284496,831979,JUICE C2,LEATHERMAN,SUNRISE YELLOW --  -- PREMIUM SHEATH
37447285417,832258,SIGNAL,LEATHERMAN,--  -- 
37447287343,831037,SKELETOOL,LEATHERMAN,-- SQUARE BIT -- 
37447288333,860111N,CRATER C33L,LEATHERMAN,--  -- 
37447290213,831237,SQUIRT ES4,LEATHERMAN,RED --  -- 
37447293702,832116,BY THE NUMBER #1,LEATHERMAN,--  -- 
37447301568,831122,FREESTYLE,LEATHERMAN,--  -- 
37447304774,831123,FREESTYLE,LEATHERMAN,--  -- 
37447304934,831994,JUICE XE6,LEATHERMAN,GRANITE GRAY --  -- 
37447322754,64010082N,MICRA,LEATHERMAN,--  -- 
37447326585,64350183N,MICRA,LEATHERMAN,GREEN -- ALUMINUM -- 
37447328718,831559,REBAR,LEATHERMAN,--  -- LEATHER BOX
37447330520,64320082N,MICRA,LEATHERMAN,BLACK -- ALUMINUM -- 
37447330803,832256,TREAD LINK 11,LEATHERMAN,BLACK --  -- 
37447331107,831797,CAM,LEATHERMAN,BLACK --  -- MOLLE BLACK
37447333330,8601140N,CRATER C33L,LEATHERMAN,--  -- 
37447340284,831038,SKELETOOL CX,LEATHERMAN,-- SQUARE BIT -- 
37447347177,831238,SQUIRT ES4,LEATHERMAN,BLUE --  -- 
37447347269,64330181N,MICRA,LEATHERMAN,RED -- ALUMINUM -- 
37447347528,831558,REBAR,LEATHERMAN,--  -- STANDARD SHEATH
37447347832,831945,JUICE XE6,LEATHERMAN,GRANITE GRAY --  -- 
37447349010,830165,SURGE,LEATHERMAN,--  -- PREMIUM SHEATH
37447349690,830166,SURGE,LEATHERMAN,--  -- STANDARD SHEATH
37447353178,830167,SURGE,LEATHERMAN,--  -- PREMIUM SHEATH
37447362200,850112N,MUT,LEATHERMAN,--  -- MOLLE BLACK
37447363382,931014,BIT KIT,LEATHERMAN,--  -- 
37447373374,930379,POCKET CLIP,LEATHERMAN,-- SIDEKICK -- 
37447379369,8601251N,CRATER C33LX,LEATHERMAN,BLACK --  -- 
37447380785,830128,WAVE,LEATHERMAN,-- SQUARE BIT -- STANDARD SHEATH
37447382543,860121N,CRATER C33LX,LEATHERMAN,--  -- 
37447386015,931015,BIT DRIVER EXTENDER,LEATHERMAN,BLACK --  -- 
37447387678,8601540N,CRATER C33LX,LEATHERMAN,BLACK --  -- 
37447387869,831239,SQUIRT ES4,LEATHERMAN,BLUE --  -- 
37447388002,8601240N,CRATER C33LX,LEATHERMAN,--  -- 
37447389023,831240,SQUIRT ES4,LEATHERMAN,BLUE --  -- 
37447390104,831840,LEAP,LEATHERMAN,BLUE --  -- 
37447390395,64330183N,MICRA,LEATHERMAN,RED -- ALUMINUM -- 
37447390739,830233,SURGE,LEATHERMAN,-- SQUARE BIT -- STANDARD SHEATH
37447391408,831435,WINGMAN,LEATHERMAN,--  -- 
37447392993,930360,CUTTER INSERTS,LEATHERMAN,BLACK -- EOD -- 
37447395857,830168,SURGE,LEATHERMAN,--  -- STANDARD SHEATH
37447396038,831679,BREWZER,LEATHERMAN,--  -- 
37447396427,830081,WAVE,LEATHERMAN,--  -- STANDARD SHEATH
37447396564,860211N,CRATER C33T,LEATHERMAN,--  -- 
37447398889,64330082N,MICRA,LEATHERMAN,RED -- ALUMINUM -- 
37447401282,831241,SQUIRT ES4,LEATHERMAN,BLACK --  -- 
37447401992,930905,SHEATH,LEATHERMAN,BLACK -- JUICE -- PREMIUM SHEATH
37447412882,831978,JUICE C2,LEATHERMAN,SUNRISE YELLOW --  -- 
37447413841,830234,SURGE,LEATHERMAN,-- SQUARE BIT -- PREMIUM SHEATH
37447414107,830694,CHARGE AL,LEATHERMAN,--  -- PREMIUM SHEATH
37447422454,930381,SHEATH,LEATHERMAN,BLACK -- REBAR -- STANDARD SHEATH
37447423321,830695,CHARGE AL,LEATHERMAN,--  -- STANDARD SHEATH
37447424489,830696,CHARGE AL,LEATHERMAN,--  -- PREMIUM SHEATH
37447427473,850121N,MUT,LEATHERMAN,BLACK --  -- MOLLE BLACK
37447429248,832129,REV,LEATHERMAN,--  -- 
37447432934,832158,RAPTOR,LEATHERMAN,ORANGE --  -- MOLLE
37447433887,830697,CHARGE AL,LEATHERMAN,--  -- STANDARD SHEATH
37447435034,930355,CUTTER INSERTS,LEATHERMAN,BLACK --  -- 
37447437977,832022,TREAD QM1,LEATHERMAN,BLACK --  -- 
37447439230,831796,OHT,LEATHERMAN,SILVER --  -- MOLLE BLACK
37447441691,831242,SQUIRT ES4,LEATHERMAN,BLACK --  -- 
37447442537,8602140N,CRATER C33T,LEATHERMAN,--  -- 
37447444043,64340082N,MICRA,LEATHERMAN,BLUE -- ALUMINUM -- 
37447448744,832165,RAPTOR,LEATHERMAN,TAN --  -- MOLLE
37447449383,832176,RAPTOR,LEATHERMAN,TAN --  -- UTILITY
37447449888,831243,SQUIRT ES4,LEATHERMAN,BLACK --  -- 
37447450246,831782,HAIL,LEATHERMAN,-- NOT FOR CLIMBING -- 
37447451928,934825,SHEATH,LEATHERMAN,BLACK -- REBAR -- LEATHER BOX
37447454264,64350082N,MICRA,LEATHERMAN,GREEN -- ALUMINUM -- 
37447456404,831740,RAPTOR,LEATHERMAN,BLACK --  -- MOLLE
37447456633,831800,PUMP,LEATHERMAN,BLACK --  -- MOLLE BLACK
37447456916,831980,JUICE C2,LEATHERMAN,GRANITE GRAY --  -- 
37447461507,939909,CUTTER,LEATHERMAN,-- Z-REX -- 
37447462061,930361,CARBON SCRAPER,LEATHERMAN,-- MUT -- 
37447463587,831742,RAPTOR,LEATHERMAN,BLACK --  -- MOLLE
37447465437,830170,SURGE,LEATHERMAN,--  -- STANDARD SHEATH
37447466632,831843,LEAP,LEATHERMAN,RED --  -- 
37447468032,831350,SURGE,LEATHERMAN,BLACK -- SQUARE BIT -- STANDARD SHEATH
37447469343,64320183N,MICRA,LEATHERMAN,BLACK -- ALUMINUM -- 
37447470011,831864,JAM & STYLE PS,LEATHERMAN,-- NOT FOR CLIMBING -- 
37447470271,831491,STYLE PS,LEATHERMAN,--  -- 
37447477942,831244,STYLE CS,LEATHERMAN,--  -- 
37447478697,831150,SUPER TOOL 300,LEATHERMAN,--  -- STANDARD SHEATH
37447479229,831245,STYLE CS,LEATHERMAN,--  -- 
37447481161,64380082N,MICRA,LEATHERMAN,GRAY -- ALUMINUM -- 
37447484155,830698,CHARGE AL,LEATHERMAN,--  -- PREMIUM SHEATH
37447487514,8602251N,CRATER C33TX,LEATHERMAN,BLACK --  -- 
37447491276,930362,PUNCH,LEATHERMAN,BLACK -- EOD -- 
37447491566,930363,PUNCH,LEATHERMAN,"-- 1/8"" -- "
37447493096,831436,WINGMAN,LEATHERMAN,--  -- 
37447494000,831563,REBAR,LEATHERMAN,BLACK --  -- MOLLE BLACK
37447494765,930364,HOOK CUTTER,LEATHERMAN,-- MUT -- 
37447496677,831933,JUICE C2,LEATHERMAN,SUNRISE YELLOW --  -- 
37447499302,830699,CHARGE AL,LEATHERMAN,--  -- STANDARD SHEATH
37447500084,831677,MAKO TI,LEATHERMAN,--  -- 
37447501784,831246,STYLE CS,LEATHERMAN,--  -- 
37447505287,930372,CARBON SCRAPER,LEATHERMAN,-- MUT BLACK -- 
37447506284,831947,JUICE XE6,LEATHERMAN,MOSS GREEN --  -- 
37447508172,931011,SAW & FILE REPLACEMENT,LEATHERMAN,BLACK --  -- BLACK SLEEVE
37447508721,831437,WINGMAN,LEATHERMAN,--  -- 
37447508851,831780,HAIL,LEATHERMAN,-- NOT FOR CLIMBING -- 
37447512070,939912,SHEATH,LEATHERMAN,BROWN -- LARGE -- MOLLE BROWN
37447517884,832016,JUICE S2,LEATHERMAN,GRANITE GRAY --  -- 
37447519468,831841,LEAP,LEATHERMAN,BLUE --  -- 
37447520693,831438,SIDEKICK,LEATHERMAN,--  -- STANDARD SHEATH
37447524486,831987,JUICE CS4,LEATHERMAN,GRANITE GRAY --  -- PREMIUM SHEATH
37447528729,832255,TREAD LINK 10,LEATHERMAN,BLACK --  -- 
37447537325,939906,SHEATH,LEATHERMAN,BLACK -- WAVE -- LEATHER BOX
37447538568,831934,JUICE C2,LEATHERMAN,SUNRISE YELLOW --  -- PREMIUM SHEATH
37447541193,939907,SHEATH,LEATHERMAN,BROWN -- LARGE -- MOLLE-USA BROWN
37447543241,934885,SHEATH,LEATHERMAN,BLACK -- SUPER TOOL 300 -- LEATHER BOX
37447543302,8602540N,CRATER C33TX,LEATHERMAN,BLACK --  -- 
37447543647,832239,TREAD LINK 6,LEATHERMAN,STAINLESS --  -- 
37447543753,831981,JUICE C2,LEATHERMAN,GRANITE GRAY --  -- PREMIUM SHEATH
37447544903,831644,OHT,LEATHERMAN,COYOTE TAN --  -- MOLLE BLACK
37447549199,831490,STYLE PS,LEATHERMAN,--  -- 
37447552847,832267,CROC,LEATHERMAN,--  -- 
37447552960,830704,CHARGE AL,LEATHERMAN,-- METRIC BITS -- PREMIUM SHEATH
37447556074,931009,BIT DRIVER EXTENDER,LEATHERMAN,--  -- 
37447556500,831982,JUICE S2,LEATHERMAN,CINNABAR ORANGE --  -- PREMIUM SHEATH
37447559907,830705,CHARGE AL,LEATHERMAN,-- METRIC BITS -- STANDARD SHEATH
37447560712,831151,SUPER TOOL 300,LEATHERMAN,BLACK --  -- MOLLE BLACK
37447562075,930365,WRENCH,LEATHERMAN,-- MUT -- 
37447562167,830706,CHARGE AL,LEATHERMAN,-- METRIC BITS -- PREMIUM SHEATH
37447563270,830707,CHARGE AL,LEATHERMAN,-- METRIC BITS -- STANDARD SHEATH
37447563508,831646,OHT,LEATHERMAN,COYOTE TAN --  -- MOLLE BROWN
37447571077,931005,SHEATH,LEATHERMAN,BLACK -- LARGE -- MOLLE BLACK
37447571190,832265,SIGNAL,LEATHERMAN,--  -- STANDARD SHEATH
37447572609,830708,CHARGE AL,LEATHERMAN,-- METRIC BITS -- PREMIUM SHEATH
37447573880,830709,CHARGE AL,LEATHERMAN,-- METRIC BITS -- STANDARD SHEATH
37447578380,832238,TREAD LINK 5,LEATHERMAN,STAINLESS --  -- 
37447579240,830710,CHARGE ALX,LEATHERMAN,--  -- PREMIUM SHEATH
37447583162,831983,JUICE S2,LEATHERMAN,CINNABAR ORANGE --  -- 
37447584626,831984,JUICE CS4,LEATHERMAN,COLUMBIA BLUE --  -- PREMIUM SHEATH
37447588310,830711,CHARGE ALX,LEATHERMAN,--  -- STANDARD SHEATH
37447590771,831939,JUICE CS4,LEATHERMAN,GRANITE GRAY --  -- 
37447591716,832247,TREAD LINK 2,LEATHERMAN,BLACK --  -- 
37447595332,831799,CAM,LEATHERMAN,BLACK --  -- MOLLE BLACK
37447595851,860221N,CRATER C33TX,LEATHERMAN,--  -- 
37447597794,831152,SUPER TOOL 300,LEATHERMAN,BLACK --  -- MOLLE BLACK
37447598234,830712,CHARGE ALX,LEATHERMAN,--  -- PREMIUM SHEATH
37447600128,831562,REBAR,LEATHERMAN,BLACK --  -- MOLLE BLACK
37447601118,830713,CHARGE ALX,LEATHERMAN,--  -- STANDARD SHEATH
37447602313,934890,SHEATH,LEATHERMAN,BLACK -- SURGE & SUPER TOOL 300 -- STANDARD SHEATH
37447605567,830714,CHARGE ALX,LEATHERMAN,--  -- PREMIUM SHEATH
37447607455,830715,CHARGE ALX,LEATHERMAN,--  -- STANDARD SHEATH
37447611414,832167,RAPTOR,LEATHERMAN,BLACK --  -- UTILITY
37447612275,939910,HOLSTER,LEATHERMAN,-- RAPTOR -- 
37447617584,830716,CHARGE ALX,LEATHERMAN,-- METRIC BITS -- PREMIUM SHEATH
37447618277,830717,CHARGE ALX,LEATHERMAN,-- METRIC BITS -- STANDARD SHEATH
37447619298,831557,REBAR,LEATHERMAN,--  -- STANDARD SHEATH
37447628030,831785,HAIL & STYLE PS,LEATHERMAN,-- NOT FOR CLIMBING -- 
37447630040,934835,SHEATH,LEATHERMAN,BLACK -- CRUNCH -- LEATHER BOX
37447635106,832015,JUICE S2,LEATHERMAN,CINNABAR ORANGE --  -- 
37447639326,830719,CHARGE ALX,LEATHERMAN,-- METRIC BITS -- STANDARD SHEATH
37447640698,64010181N,MICRA,LEATHERMAN,--  -- 
37447642142,831941,JUICE S2,LEATHERMAN,CINNABAR ORANGE --  -- 
37447645471,831842,LEAP,LEATHERMAN,RED --  -- 
37447646546,64010183N,MICRA,LEATHERMAN,--  -- 
37447650727,831853,THRUSTER,LEATHERMAN,--  -- 
37447651595,830964,SKELETOOL,LEATHERMAN,-- SQUARE BIT -- 
37447656668,831683,MAKO TI,LEATHERMAN,--  -- 
37447659294,930367,POCKET CLIP,LEATHERMAN,-- MUT -- 
37447663277,831454,WAVE,LEATHERMAN,-- CAP CRIMPER -- PREMIUM SHEATH
37447664052,831439,SIDEKICK,LEATHERMAN,--  -- STANDARD SHEATH
37447666568,831836,LEAP,LEATHERMAN,GREEN --  -- 
37447666629,832013,JUICE CS4,LEATHERMAN,COLUMBIA BLUE --  -- 
37447666773,930366,SHEATH,LEATHERMAN,BROWN -- XLARGE -- MOLLE BROWN
37447666827,830721,CHARGE ALX,LEATHERMAN,-- METRIC BITS -- STANDARD SHEATH
37447667336,8602240N,CRATER C33TX,LEATHERMAN,--  -- 
37447671128,831849,THRUSTER,LEATHERMAN,--  -- 
37447671432,832130,REV,LEATHERMAN,--  -- 
37447671548,831368,SUPER TOOL 300 EOD,LEATHERMAN,BLACK --  -- MOLLE BROWN
37447671951,934920,BIT KIT,LEATHERMAN,-- CANADIAN -- 
37447673153,830965,SKELETOOL,LEATHERMAN,-- SQUARE BIT -- 
37447674969,831946,JUICE XE6,LEATHERMAN,GRANITE GRAY --  -- PREMIUM SHEATH
37447674990,832264,SIGNAL,LEATHERMAN,--  -- STANDARD SHEATH
37447675812,830722,CHARGE TTI,LEATHERMAN,--  -- PREMIUM SHEATH
37447685835,934865,POCKET CLIP,LEATHERMAN,BLACK -- KICK -- 
37447687358,830723,CHARGE TTI,LEATHERMAN,--  -- STANDARD SHEATH
37447694080,831440,SIDEKICK,LEATHERMAN,--  -- STANDARD SHEATH
37447694837,930373,PUNCH,LEATHERMAN,"BLACK -- 1/8"" -- "
37447696275,931016,SHEATH,LEATHERMAN,BLACK -- CHARGE -- PREMIUM SHEATH
37447698347,832235,TREAD LINK 2,LEATHERMAN,STAINLESS --  -- 
37447708275,931017,SHEATH,LEATHERMAN,BLACK -- SURGE -- PREMIUM SHEATH
37447717291,850011N,MUT,LEATHERMAN,--  -- MOLLE BROWN
37447721199,832236,TREAD LINK 3,LEATHERMAN,STAINLESS --  -- 
37447722783,831938,JUICE CS4,LEATHERMAN,COLUMBIA BLUE --  -- PREMIUM SHEATH
37447723582,64380181N,MICRA,LEATHERMAN,GRAY -- ALUMINUM -- 
37447723919,831786,STYLE PS,LEATHERMAN,BLACK --   -- 
37447725159,832121,BY THE NUMBER #6,LEATHERMAN,--  -- 
37447725845,68010181N,CRUNCH,LEATHERMAN,--  -- LEATHER BOX
37447726545,832259,SIGNAL,LEATHERMAN,--  -- 
37447728860,831641,OHT,LEATHERMAN,BLACK --  -- MOLLE BROWN
37447733826,831992,JUICE XE6,LEATHERMAN,GRANITE GRAY --  -- PREMIUM SHEATH
37447745720,830724,CHARGE TTI,LEATHERMAN,--  -- PREMIUM SHEATH
37447751301,830725,CHARGE TTI,LEATHERMAN,--  -- STANDARD SHEATH
37447753176,850012N,MUT,LEATHERMAN,--  -- MOLLE BROWN
37447755590,830726,CHARGE TTI,LEATHERMAN,--  -- PREMIUM SHEATH
37447761560,831648,Z-REX,LEATHERMAN,--  -- MOLLE BLACK
37447762659,930380,SHEATH,LEATHERMAN,BROWN -- SIDEKICK -- LEATHER SLEEVE
37447768477,830727,CHARGE TTI,LEATHERMAN,--  -- STANDARD SHEATH
37447768729,850021N,MUT,LEATHERMAN,BLACK --  -- MOLLE BROWN
37447772726,832240,TREAD LINK 7,LEATHERMAN,STAINLESS --  -- 
37447778230,832131,REV,LEATHERMAN,--  -- 
37447778827,831989,JUICE S2,LEATHERMAN,GRANITE GRAY --  -- 
37447782749,830082,WAVE,LEATHERMAN,--  -- PREMIUM SHEATH
37447784644,68010183N,CRUNCH,LEATHERMAN,--  -- LEATHER BOX
37447786556,831937,JUICE CS4,LEATHERMAN,COLUMBIA BLUE --  -- 
37447786747,850122N,MUT,LEATHERMAN,BLACK --  -- MOLLE BLACK
37447790461,930374,ACCESSORY KIT,LEATHERMAN,-- MUT BLACK -- 
37447796982,831986,JUICE CS4,LEATHERMAN,COLUMBIA BLUE --  -- 
37447798016,64340181N,MICRA,LEATHERMAN,BLUE -- ALUMINUM -- 
37447804519,830235,SURGE,LEATHERMAN,-- SQUARE BIT -- STANDARD SHEATH
37447806551,830966,SKELETOOL CX,LEATHERMAN,-- SQUARE BIT -- 
37447810527,831943,JUICE S2,LEATHERMAN,GRANITE GRAY --  -- 
37447815355,831183,SUPER TOOL 300,LEATHERMAN,--  -- LEATHER BOX
37447820175,832119,BY THE NUMBER #4,LEATHERMAN,--  -- 
37447820557,830731,CHARGE TTI,LEATHERMAN,-- METRIC BITS -- PREMIUM SHEATH
37447825286,850131N,MUT EOD,LEATHERMAN,BLACK --  -- MOLLE BLACK
37447831317,830732,CHARGE TTI,LEATHERMAN,-- METRIC BITS -- STANDARD SHEATH
37447833953,830733,CHARGE TTI,LEATHERMAN,-- METRIC BITS -- PREMIUM SHEATH
37447840319,64380183N,MICRA,LEATHERMAN,GRAY -- ALUMINUM -- 
37447840463,831997,JUICE XE6,LEATHERMAN,MOSS GREEN --  -- PREMIUM SHEATH
37447840845,830734,CHARGE TTI,LEATHERMAN,-- METRIC BITS -- STANDARD SHEATH
37447846908,830111,WAVE,LEATHERMAN,-- SQUARE BIT -- STANDARD SHEATH
37447848162,831866,STYLE PS,LEATHERMAN,RED --   -- 
37447848988,831999,TREAD,LEATHERMAN,BLACK --  -- 
37447850745,830236,SURGE,LEATHERMAN,-- SQUARE BIT -- PREMIUM SHEATH
37447855191,832172,RAPTOR,LEATHERMAN,ORANGE --  -- UTILITY
37447855276,830735,CHARGE TTI,LEATHERMAN,-- METRIC BITS -- PREMIUM SHEATH
37447856921,934850,POCKET CLIP & LANYARD RING,LEATHERMAN,-- CHARGE & WAVE -- 
37447858208,830736,CHARGE TTI,LEATHERMAN,-- METRIC BITS -- STANDARD SHEATH
37447860386,831940,JUICE CS4,LEATHERMAN,GRANITE GRAY --  -- PREMIUM SHEATH
37447862052,831561,REBAR,LEATHERMAN,--  -- LEATHER BOX
37447868931,850132N,MUT EOD,LEATHERMAN,BLACK --  -- MOLLE BLACK
37447873003,831492,STYLE PS,LEATHERMAN,--  -- 
37447875960,68010281N,CRUNCH,LEATHERMAN,--  -- STANDARD SHEATH
37447876998,831675,BREWZER,LEATHERMAN,--  -- 
37447879265,830967,SKELETOOL CX,LEATHERMAN,-- SQUARE BIT -- 
37447880049,832273,CROC,LEATHERMAN,--  -- 
37447881312,939908,SHEATH,LEATHERMAN,BLACK -- Z-REX -- MOLLE BLACK
37447881466,832257,TREAD LINK 12,LEATHERMAN,BLACK --  -- 
37447893629,930368,BIT KIT,LEATHERMAN,-- MUT -- 
37447896118,831184,SUPER TOOL 300,LEATHERMAN,--  -- LEATHER BOX
37447902024,850022N,MUT,LEATHERMAN,BLACK --  -- MOLLE BROWN
37447902154,850031N,MUT EOD,LEATHERMAN,BLACK --  -- MOLLE BROWN
37447907579,64340183N,MICRA,LEATHERMAN,BLUE -- ALUMINUM -- 
37447911149,831856,GRIND,LEATHERMAN,-- NOT FOR CLIMBING -- 
37447911651,831839,LEAP,LEATHERMAN,BLUE --  -- 
37447912795,831787,SKELETOOL SX,LEATHERMAN,--   -- 
37447915369,832014,JUICE CS4,LEATHERMAN,GRANITE GRAY --  -- 
37447919947,832234,TREAD LINK 1,LEATHERMAN,STAINLESS --  -- 
37447923302,832243,TREAD LINK 10,LEATHERMAN,STAINLESS --  -- 
37447924354,934855,POCKET CLIP & LANYARD RING,LEATHERMAN,BLACK -- CHARGE & WAVE -- 
37447937569,930369,ACCESSORY KIT,LEATHERMAN,-- MUT -- 
37447938481,831455,WAVE,LEATHERMAN,-- CAP CRIMPER -- STANDARD SHEATH
37447939969,831998,TREAD,LEATHERMAN,STAINLESS --  -- 
37447940569,832018,JUICE XE6,LEATHERMAN,MOSS GREEN --  -- 
37447941504,832244,TREAD LINK 11,LEATHERMAN,STAINLESS --  -- 
37447944239,831185,SUPER TOOL 300,LEATHERMAN,--  -- LEATHER BOX
37447944802,832174,RAPTOR,LEATHERMAN,TAN --  -- UTILITY
37447947599,831369,SUPER TOOL 300 EOD,LEATHERMAN,BLACK --  -- MOLLE BLACK
37447948015,850032N,MUT EOD,LEATHERMAN,BLACK --  -- MOLLE BROWN
37447948022,832242,TREAD LINK 9,LEATHERMAN,STAINLESS --  -- 
37447952821,832245,TREAD LINK 12,LEATHERMAN,STAINLESS --  -- 
37447954313,832251,TREAD LINK 6,LEATHERMAN,BLACK --  -- 
37447971914,831803,RAIL,LEATHERMAN,BLACK --  -- MOLLE BLACK
37447980626,832012,JUICE C2,LEATHERMAN,GRANITE GRAY --  -- 
37447980817,832232,TREAD,LEATHERMAN,BLACK --  -- 
37447985317,832125,BY THE NUMBER #10,LEATHERMAN,--  -- 
37447986505,830083,WAVE,LEATHERMAN,--  -- STANDARD SHEATH
37447987250,831779,RIME,LEATHERMAN,-- NOT FOR CLIMBING -- 
37447990427,830237,SURGE,LEATHERMAN,-- SQUARE BIT -- STANDARD SHEATH
37447994357,930370,ACCESSORY KIT,LEATHERMAN,-- MUT EOD BLACK -- 
37447994777,832260,SIGNAL,LEATHERMAN,--  -- 
37774198533,831858,GRIND,LEATHERMAN,-- NOT FOR CLIMBING -- 
847706000015,880001,H7.2,LED LENSER,BLACK --  -- CARRYING CASE
847706000220,880002,H7.2,LED LENSER,BLACK --  -- CARRYING CASE
847706000336,880003,P7.2,LED LENSER,BLACK --  -- CARRYING CASE
847706000442,880004,P7.2,LED LENSER,BLACK --  -- CARRYING CASE
847706000558,880005,T7.2,LED LENSER,BLACK --  -- CARRYING CASE
847706000664,880006,T7.2,LED LENSER,BLACK --  -- CARRYING CASE
847706000770,880007,INTELLIGENT FILTER HOLSTER,LED LENSER,-- M7-MT7-M7R-P7-T7-M7RX -- 
847706000886,880008,X21.2,LED LENSER,BLACK --  -- 
847706000992,880009,FILTER SET,LED LENSER,--  -- 
847706001104,880010,M7R,LED LENSER,BLACK -- RECHARGEABLE -- INTELLIGENT CLIP
847706001111,880011,P5.2,LED LENSER,BLACK --  -- CARRYING CASE
847706001128,880012,P5.2,LED LENSER,BLACK --  -- CARRYING CASE
847706001135,880013,ROLL PROTECTION,LED LENSER,-- 7 SERIES -- 
847706001142,880014,P5R.2,LED LENSER,BLACK -- RECHARGEABLE -- INTELLIGENT CLIP
847706001159,880015,L7,LED LENSER,BLACK --  -- 
847706001166,880016,L7,LED LENSER,BLACK --  -- 
847706001173,880017,P3BM,LED LENSER,BLACK --  -- CARRYING CASE
847706001180,880018,P3BM,LED LENSER,BLACK --  -- CARRYING CASE
847706001197,880019,H4,LED LENSER,BLUE --  -- 3-IN-1 CASE
847706002200,880020,H4,LED LENSER,BLUE --  -- 3-IN-1 CASE
847706002217,880021,H7R.2,LED LENSER,BLACK -- RECHARGEABLE -- CARRYING CASE
847706002224,880022,H7R.2,LED LENSER,BLACK -- RECHARGEABLE -- CARRYING CASE
847706002231,880023,P14.2,LED LENSER,BLACK --  -- CARRYING CASE
847706002248,880024,P14.2,LED LENSER,BLACK --  -- CARRYING CASE
847706002255,880025,TAC TORCH,LED LENSER,BLACK --  -- CARRYING CASE
847706002262,880026,TAC TORCH,LED LENSER,BLACK --  -- CARRYING CASE
847706002279,880027,V,LED LENSER,BLACK --  -- CARRYING CASE
847706002286,880028,V,LED LENSER,BLACK --  -- CARRYING CASE
847706002293,880029,ROLL PROTECTION,LED LENSER,-- X21 -- 
847706002477,880127,SEO5,LED LENSER,GRAY --  -- 
847706003306,880030,T7M,LED LENSER,BLACK --  -- INTELLIGENT CLIP
847706003313,880031,TRIPOD FASTENER,LED LENSER,-- X21-X21R-M14-X14-M14X-P17 -- 
847706003320,880032,M14,LED LENSER,BLACK --  -- INTELLIGENT CLIP
847706003337,880033,P6.2,LED LENSER,BLACK --  -- CARRYING CASE
847706003344,880034,P6.2,LED LENSER,BLACK --  -- CARRYING CASE
847706003351,880035,MAGNETIC MOUNTING,LED LENSER,-- M7-MT7-M7R-P7-T7-M7RX-X7 -- 
847706003368,880036,H14R.2,LED LENSER,BLACK -- RECHARGEABLE -- 
847706003375,880037,H5,LED LENSER,BLACK --  -- CARRYING CASE
847706003382,880038,H5,LED LENSER,BLACK --  -- CARRYING CASE
847706003399,880039,V DUAL COLOR,LED LENSER,BLACK --  -- CARRYING CASE
847706003610,880130,SEO5,LED LENSER,RED --  -- 
847706004402,880040,V DUAL COLOR,LED LENSER,BLACK --  -- CARRYING CASE
847706004419,880041,D14,LED LENSER,NEON YELLOW --  -- 
847706004426,880042,D14,LED LENSER,NEON YELLOW --  -- 
847706004433,880043,H14.2,LED LENSER,BLACK --  -- 
847706004440,880044,H14.2,LED LENSER,BLACK --  -- 
847706004457,880045,P2BM,LED LENSER,BLACK --  -- CARRYING CASE
847706004464,880046,P2BM,LED LENSER,BLACK --  -- CARRYING CASE
847706004471,880047,P4 BM,LED LENSER,BLACK --  -- CARRYING CASE
847706004488,880048,P4 BM,LED LENSER,BLACK --  -- CARRYING CASE
847706004495,880049,P17.2,LED LENSER,BLACK --  -- 
847706005409,880079,NI-MH AA BATTERY (4),LED LENSER,-- H14R -- 
847706005508,880050,P17.2,LED LENSER,BLACK --  -- 
847706005515,880051,M1,LED LENSER,BLACK --  -- CARRYING CASE
847706005522,880052,M1,LED LENSER,BLACK --  -- CARRYING CASE
847706005539,880053,M5,LED LENSER,BLACK --  -- CARRYING CASE
847706005546,880054,M5,LED LENSER,BLACK --  -- CARRYING CASE
847706005553,880055,M7,LED LENSER,BLACK --  -- INTELLIGENT CLIP
847706005560,880056,M7,LED LENSER,BLACK --  -- INTELLIGENT CLIP
847706005577,880057,K3,LED LENSER,BLACK --  -- 
847706005584,880058,K3,LED LENSER,BLACK --  -- 
847706005591,880059,AUTOMOTIVE,LED LENSER,SILVER --  -- 
847706006598,880147,SHEATH,LED LENSER,-- P5R -- 
847706006604,880060,AUTOMOTIVE,LED LENSER,SILVER --  -- 
847706009001,880064,INTELLIGENT CLIP,LED LENSER,-- TT&V2 -- 
847706010502,880065,INTELLIGENT CLIP,LED LENSER,-- L7-M7-MT7-M7R-P7-T7-M7RX-X7 -- 
847706011516,880145,UNIVERSAL MOUNTING BRACKET,LED LENSER,-- 7 SERIES -- 
847706012452,880167,SEO REPLACEMENT HEADLAMPSTRAP,LED LENSER,REFLECTIVE -- SEO -- 
847706013930,880082,FLOATING CHARGE SYSTEM,LED LENSER,-- M7R -- 
847706014470,880122,F1,LED LENSER,BLACK --  -- 
847706015057,880080,120V WALL CHARGER,LED LENSER,-- H14R -- 
847706016788,880300,H3,LED LENSER,BLACK --  -- 
847706016962,880099,I6,LED LENSER,BLACK --  -- 
847706017952,880299,H3,LED LENSER,BLACK --  -- 
847706018348,880068,CAR CHARGER,LED LENSER,-- USB -- 
847706018522,880126,SEO3,LED LENSER,GREEN --  -- 
847706019147,880143,H14R.2,LED LENSER,BLACK -- RECHARGEABLE -- 
847706019802,880084,CHARGING CORD,LED LENSER,-- H7R -- 
847706021645,880165,P7QC,LED LENSER,BLACK -- WHITE-RED-GREEN-BLUE -- CARRYING CASE
847706023601,880071,SHEATH,LED LENSER,-- P6 -- 
847706023892,880124,M17R,LED LENSER,BLACK -- RECHARGEABLE -- INTELLIGENT CLIP
847706024448,880297,P3 AFS,LED LENSER,BLACK --  -- CARRYING CASE
847706026343,880164,M3R,LED LENSER,BLACK -- RECHARGEABLE -- CARRYING CASE
847706028095,880075,REMOTE SWITCH,LED LENSER,-- P7 -- 
847706029269,880093,P3 AFS P,LED LENSER,BLACK --  -- CARRYING CASE
847706029887,880239,LI-ION BATTERY PACK,LED LENSER,-- H14R.2 -- 
847706032771,880155,SIGNAL CONE,LED LENSER,-- M17R-P17R -- 
847706033815,880070,SHEATH,LED LENSER,-- P14 -- 
847706035093,880123,P17R,LED LENSER,BLACK -- RECHARGEABLE -- INTELLIGENT CLIP
847706040882,880069,SHEATH,LED LENSER,-- L7-M7-MT7-M7R-P7-T7 -- 
847706040929,880066,INTELLIGENT CLIP,LED LENSER,-- P14 -- 
847706041650,880258,XEO19R,LED LENSER,GREEN -- RECHARGEABLE -- 
847706041681,880135,SEO REPLACEMENT HEADLAMPSTRAP,LED LENSER,RED -- SEO -- 
847706042978,880081,120V WALL CHARGER,LED LENSER,-- USB -- 
847706044026,880095,X14,LED LENSER,BLACK --  -- 
847706045030,880116,P5R.2,LED LENSER,BLACK -- RECHARGEABLE -- INTELLIGENT CLIP
847706047171,880109,40H NI-MH BATTERY ,LED LENSER,-- AUTOMOTIVE -- 
847706047843,880157,M8,LED LENSER,BLACK --  -- INTELLIGENT CLIP
847706048635,880104,K2-L,LED LENSER,BLACK --  -- 
847706051109,880154,CAR CHARGER ADAPTER,LED LENSER,-- X21R-M17R-P17R -- 
847706052014,880298,P3 AFS,LED LENSER,BLACK --  -- CARRYING CASE
847706052960,880156,M8,LED LENSER,BLACK --  -- INTELLIGENT CLIP
847706053172,880083,FLOATING CHARGE SYSTEM,LED LENSER,-- P5R -- 
847706053493,880165,P7QC,LED LENSER,BLACK -- WHITE-RED-GREEN-BLUE -- CARRYING CASE
847706055930,880136,SEO REPLACEMENT HEADLAMPSTRAP,LED LENSER,GREEN -- SEO -- 
847706056593,880161,T5.2,LED LENSER,BLACK --  -- CARRYING CASE
847706057323,880098,I5,LED LENSER,BLACK --  -- 
847706060002,880138,SEO REPLACEMENT HEADLAMPSTRAP,LED LENSER,BLUE -- SEO -- 
847706060194,880074,REMOTE SWITCH,LED LENSER,-- T7 -- 
847706061078,880148,SHEATH,LED LENSER,-- M14 -- 
847706061818,880131,SEO7R,LED LENSER,BLUE -- RECHARGEABLE -- 
847706063232,880160,T5.2,LED LENSER,BLACK --  -- CARRYING CASE
847706064956,880100,I7,LED LENSER,BLACK --  -- 
847706069845,880111,M7RX,LED LENSER,BLACK -- RECHARGEABLE -- INTELLIGENT CLIP
847706070414,880091,SIGNAL CONE,LED LENSER,-- D14 -- 
847706070858,880077,18650 LI-ION BATTERY,LED LENSER,-- M7R-X7R -M7RX -- 
847706071183,880073,SHEATH,LED LENSER,-- M7R -- 
847706071664,880115,T7M,LED LENSER,BLACK --  -- INTELLIGENT CLIP
847706073811,880067,INTELLIGENT CLIP,LED LENSER,-- M14-P17-X14-M14X -- 
847706074153,880256,XEO19R,LED LENSER,WHITE -- RECHARGEABLE -- 
847706074245,880125,SEO3,LED LENSER,GREEN --  -- 
847706074368,880103,K2,LED LENSER,BLACK --  -- 
847706074580,880142,Li-FePO BATTERY,LED LENSER,-- M17R-P17R -- 
847706074788,880132,SEO7R,LED LENSER,BLUE -- RECHARGEABLE -- 
847706076744,880076,14500 LI-ION BATTERY,LED LENSER,-- P5R -- 
847706077734,880072,SHEATH,LED LENSER,-- M5-P5-T5-V^2 -- 
847706077949,880063,INTELLIGENT CLIP,LED LENSER,-- M5-P5-P5R-T5-P6 -- 
847706077956,880129,SEO5,LED LENSER,RED --  -- 
847706078182,880237,10440 LI-ION BATTERY,LED LENSER,-- M3R -- 
847706078960,880140,120V WALL CHARGER,LED LENSER,-- SEO-USB/MICRO USB (B) -- 
847706079325,880101,K1,LED LENSER,BLACK --  -- 
847706081526,880231,XEO19R,LED LENSER,BLACK -- RECHARGEABLE -- 
847706082097,880146,4xD Ni-MH RECHARGEABLE BATTERIES,LED LENSER,-- X21R -- 
847706083698,880096,X7R,LED LENSER,BLACK -- RECHARGEABLE -- 
847706084633,880149,REMOTE SWITCH,LED LENSER,-- TAC TORCH -- 
847706084701,880221,SIGNAL CONE,LED LENSER,WHITE -- M7-T7-P7-P7QC-T7 -- 
847706085135,880078,NI-MH AAA BATTERY (3),LED LENSER,-- H7R -- 
847706085265,880090,SIGNAL CONE,LED LENSER,-- M7-T7-P7-B7 -- 
847706087603,880163,M3R,LED LENSER,BLACK -- RECHARGEABLE -- CARRYING CASE
847706088891,880105,KEYCHAIN LIGHT DISPLAY,LED LENSER,BLACK --  -- 
847706091471,880238,LI-ION BATTERY PACK,LED LENSER,-- H7R.2 -- 
847706092904,880092,SIGNAL CONE,LED LENSER,-- M14-P14-M14X -- 
847706093178,880097,X21R.2,LED LENSER,BLACK -- RECHARGEABLE -- 
847706094137,880139,SEO LI-ION RECHARGEABLE BATTERY,LED LENSER,-- SEO -- 
847706094403,880102,K1-L,LED LENSER,BLACK --  -- 
847706094922,880128,SEO5,LED LENSER,GRAY --  -- 
847706095271,880137,SEO REPLACEMENT HEADLAMPSTRAP,LED LENSER,GRAY -- SEO -- 
847706096582,880094,P3 AFS P,LED LENSER,BLACK --  -- CARRYING CASE
847706096643,880112,M14X,LED LENSER,BLACK --  -- INTELLIGENT CLIP
847706098067,880089,SIGNAL CONE,LED LENSER,-- TT-D7 -- 
