037447080630,831676,PIRANHA&trade;,Leatherman,,,,PEG,15,,12,7.5
037447243356,831681,PIRANHA&trade;,Leatherman,,,,BOX,15,,48,7.5
847706007441,880228,T&sup2;,Led Lenser,BLACK,,,PEG,44,,24,22
847706009377,880227,TT,Led Lenser,BLACK,,,BOX,50,,72,25
847706010472,880224,F1R,Led Lenser,BLACK,RECHARGEABLE,,BOX,140,119.85,48,70
847706034010,880214,NEO ,Led Lenser,GREEN,,,PEG,24,,30,12
847706034027,880213,NEO ,Led Lenser,BLUE,,,PEG,24,,30,12
847706039114,880229,T&sup2;,Led Lenser,BLACK,,,BOX,44,,72,22
847706040387,880292,T&sup2;QC,Led Lenser,BLACK,WHITE-RED-GREEN-BLUE,,PEG,45,,24,22.5
847706048093,880225,F1R,Led Lenser,BLACK,RECHARGEABLE,,PEG,140,119.85,24,70
847706056616,880133,F1,Led Lenser,BLACK,,,PEG,80,69.85,24,40
847706077741,880222,F1W,Led Lenser,WHITE,,,PEG,80,69.85,24,40
847706087467,880291,T&sup2;QC,Led Lenser,BLACK,WHITE-RED-GREEN-BLUE,,BOX,45,,72,22.5
847706087801,880217,NEO ,Led Lenser,YELLOW,,,PEG,24,,30,12
847706089232,880215,NEO ,Led Lenser,ORANGE,,,PEG,24,,30,12
847706090702,880216,NEO ,Led Lenser,PINK,,,PEG,24,,30,12
847706093758,880223,F1W,Led Lenser,WHITE,,,BOX,80,69.85,48,40
847706098296,880226,TT,Led Lenser,BLACK,,,PEG,50,,24,25
037447001161,832250,TREAD&trade; LINK 5,Leatherman,BLACK,,,PKG,36,,24,18
037447002656,831805,RAIL&trade;,Leatherman,BLACK,,MOLLE BLACK,BOX,30,,48,15
037447003493,931018,TWEEZERS,Leatherman,,FOR STYLE&reg;,,PKG,0.5,,24,0.25
037447006159,831795,OHT&reg;,Leatherman,SILVER,,MOLLE BLACK,PEG,96,79.85,12,48
037447008948,832011,JUICE&reg; C2,Leatherman,SUNRISE YELLOW,,,PEG,64.5,,12,32.25
037447008993,831844,LEAP&trade;,Leatherman,RED,,,GIFT,56,,48,28
037447009297,832237,TREAD&trade; LINK 4,Leatherman,STAINLESS,,,PKG,36,,24,18
037447010644,832163,RAPTOR&trade;,Leatherman,TAN,,MOLLE,BOX,80,69.85,24,40
037447018985,831330,CHARGE&reg; ALX,Leatherman,BLACK,,MOLLE BLACK,BOX,173.1,149.85,48,86.55
037447020261,931019,TWEEZERS,Leatherman,,FOR STYLE&reg; CS,,PKG,0.5,,24,0.25
037447020377,831226,SQUIRT&reg; PS4,Leatherman,RED,,,PEG,40,,12,20
037447022784,831783,HAIL & STYLE PS,Leatherman,,NOT FOR CLIMBING,,PEG,53,,12,26.5
037447027413,831227,SQUIRT&reg; PS4,Leatherman,RED,,,BOX,40,,48,20
037447031113,831642,OHT&reg;,Leatherman,COYOTE TAN,,MOLLE BROWN,BOX,108,89.85,48,54
037447041457,860011N,CRATER&reg; C33,Leatherman,,,,BOX,24,,48,12
037447044137,831228,SQUIRT&reg; PS4,Leatherman,RED,,,GIFT,42,,50,21
037447045448,8600140N,CRATER&reg; C33,Leatherman,,,,PEG,24,,12,12
037447048043,831936,JUICE&reg; C2,Leatherman,GRANITE GRAY,,PREMIUM SHEATH,BOX,68.5,,48,34.25
037447055072,832166,RAPTOR&trade;,Leatherman,BLACK,,UTILITY,PEG,80,69.85,12,40
037447056499,831942,JUICE&reg; S2,Leatherman,CINNABAR ORANGE,,PREMIUM SHEATH,BOX,78,,48,39
037447057052,831331,WAVE&reg;,Leatherman,BLACK,,MOLLE BLACK,BOX,119.1,99.85,48,59.55
037447062308,832170,RAPTOR&trade;,Leatherman,ORANGE,,UTILITY,BOX,80,69.85,24,40
037447065866,831872,CRATER C33SX,Leatherman,BLACK, ,,PEG,60,,12,30
037447068164,860021N,CRATER&reg; C33X,Leatherman,,,,BOX,24,,48,12
037447070860,832231,TREAD&trade;,Leatherman,STAINLESS,,,PEG,165,149.85,12,82.5
037447073151,831960,JUICE&reg; XE6,Leatherman,MOSS GREEN,,,GIFT,110,,48,55
037447073366,831777,RIME,Leatherman,,NOT FOR CLIMBING,,PEG,15,,12,7.5
037447073892,832017,JUICE&reg; XE6,Leatherman,GRANITE GRAY,,,PEG,108,,12,54
037447074288,831664,WAVE&reg;,Leatherman,BLACK,CAP CRIMPER,MOLLE BLACK,PEG,119.1,99.85,12,59.55
037447078781,832252,TREAD&trade; LINK 7,Leatherman,BLACK,,,PKG,33,,24,16.5
037447080111,8600240N,CRATER&reg; C33X,Leatherman,,,,PEG,24,,12,12
037447087660,831345,CHARGE&reg; ALX,Leatherman,BLACK,SQUARE BIT,MOLLE BLACK,BOX,173.1,149.85,48,86.55
037447088360,830751,SURGE&reg;,Leatherman,,SQUARE BIT,PREMIUM SHEATH,BOX,124.8,99.85,4,62.4
037447097782,830078,WAVE&reg;,Leatherman,,,PREMIUM SHEATH,BOX,108,89.85,48,54
037447101076,831985,JUICE&reg; S2,Leatherman,GRANITE GRAY,,PREMIUM SHEATH,GIFT,80,,48,40
037447102073,930378,CARABINER CAP LIFTER,Leatherman,,,,PKG,8,,24,4
037447102110,831665,WAVE&reg;,Leatherman,BLACK,CAP CRIMP & SQUARE BIT,MOLLE BLACK,PEG,119.1,99.85,12,59.55
037447103124,831556,REBAR&reg;,Leatherman,,,STANDARD SHEATH,PEG,70,59.85,12,35
037447106866,831148,SUPER TOOL&reg; 300,Leatherman,,,STANDARD SHEATH,BOX,90,79.85,48,45
037447108198,832160,RAPTOR&trade;,Leatherman,ORANGE,,MOLLE,PEG,80,69.85,12,40
037447108631,831332,WAVE&reg;,Leatherman,BLACK,CAP CRIMPER,MOLLE BLACK,BOX,119.1,99.85,48,59.55
037447108884,831229,SQUIRT&reg; PS4,Leatherman,BLUE,,,PEG,40,,12,20
037447109959,831333,SURGE&reg;,Leatherman,BLACK,,MOLLE BLACK,BOX,136.5,104.85,48,68.25
037447114885,64320181N,MICRA&reg;,Leatherman,BLACK,ALUMINUM,,BOX,33,,48,16.5
037447114892,831364,SUPER TOOL&reg; 300 EOD,Leatherman,BLACK,,MOLLE BROWN,PEG,114,99.85,12,57
037447117008,830108,WAVE&reg;,Leatherman,,SQUARE BIT,PREMIUM SHEATH,BOX,108,89.85,48,54
037447130076,930377,SAW-METAL CUTTING TSHANK,Leatherman,BLACK,SUPER TOOL&reg; 300 EOD,,PKG,3,,24,1.5
037447132513,831865,STYLE PS,Leatherman,RED, ,,AS PEG,33,,12,16.5
037447143403,8600251N,CRATER&reg; C33X,Leatherman,BLACK,,,BOX,33,,48,16.5
037447145650,832253,TREAD&trade; LINK 8,Leatherman,BLACK,,,PKG,33,,24,16.5
037447146466,931012,REMOVABLE BIT DRIVER,Leatherman,,,,PKG,20,,24,10
037447148316,831346,WAVE&reg;,Leatherman,BLACK,SQUARE BIT,MOLLE BLACK,BOX,119.1,99.85,48,59.55
037447152658,930382,PUNCH,Leatherman,BLACK,"3/32""",,PKG,10,,24,5
037447153921,831645,OHT&reg;,Leatherman,BLACK,,MOLLE BROWN,PEG,96,79.85,12,48
037447155284,831230,SQUIRT&reg; PS4,Leatherman,BLUE,,,BOX,40,,48,20
037447156779,831231,SQUIRT&reg; PS4,Leatherman,BLUE,,,GIFT,42,,50,21
037447160226,832136,REV&trade;,Leatherman,, ,STANDARD SHEATH,BOX,41.6,,24,20.8
037447161209,831838,LEAP&trade;,Leatherman,GREEN,,,GIFT,56,,48,28
037447169755,831232,SQUIRT&reg; PS4,Leatherman,BLACK,,,PEG,40,,12,20
037447170386,830079,WAVE&reg;,Leatherman,,,STANDARD SHEATH,BOX,107,89.85,48,53.5
037447170836,832249,TREAD&trade; LINK 4,Leatherman,BLACK,,,PKG,41.5,,24,20.75
037447175299,832137,REV&trade;,Leatherman,,,STANDARD SHEATH,GIFT,43.6,,24,21.8
037447177231,831640,OHT&reg;,Leatherman,COYOTE TAN,,MOLLE BLACK,BOX,108,89.85,48,54
037447178030,831334,SURGE&reg;,Leatherman,BLACK,,PREMIUM SHEATH,BOX,131.4,99.85,48,65.7
037447179693,831347,WAVE&reg;,Leatherman,BLACK,CAP CRIMPER,MOLLE BLACK,BOX,119.1,99.85,48,59.55
037447180514,862540N,CRATER&reg; C33X,Leatherman,BLACK,,,PEG,33,,12,16.5
037447189760,831859,JAM,Leatherman,,NOT FOR CLIMBING,,PEG,15,,12,7.5
037447192043,831802,PUMP&trade;,Leatherman,BLACK,,MOLLE BLACK,BOX,32,,48,16
037447193576,831335,SURGE&reg;,Leatherman,BLACK,,STANDARD SHEATH,BOX,130.4,99.85,48,65.2
037447193910,831944,JUICE&reg; S2,Leatherman,GRANITE GRAY,,PREMIUM SHEATH,BOX,78,,48,39
037447195969,832241,TREAD&trade; LINK 8,Leatherman,STAINLESS,,,PKG,27.5,,24,13.75
037447200427,831149,SUPER TOOL&reg; 300,Leatherman,,,STANDARD SHEATH,PEG,90,79.85,12,45
037447201813,831988,JUICE&reg; CS4,Leatherman,GRANITE GRAY,,,GIFT,89,,48,44.5
037447204333,831873,CRATER C33SX,Leatherman,BLACK,,,BOX INT,60,,24,30
037447206290,832021,TREAD&trade; QM1,Leatherman,STAINLESS,,,BOX,500,499.85,12,250
037447209765,934810,SHEATH,Leatherman,BLACK,CHARGE&reg; & WAVE&reg;,STANDARD SHEATH,PKG,5,,24,2.5
037447210112,830127,WAVE&reg;,Leatherman,,SQUARE BIT,PREMIUM SHEATH,GIFT,110,89.85,24,55
037447211102,832135,REV&trade;,Leatherman,,,STANDARD SHEATH,PEG,41.6,,12,20.8
037447214219,831837,LEAP&trade;,Leatherman,GREEN,,,PEG,54,,12,27
037447215308,832254,TREAD&trade; LINK 9,Leatherman,BLACK,,,PKG,33,,24,16.5
037447218163,830109,WAVE&reg;,Leatherman,,SQUARE BIT,STANDARD SHEATH,BOX,107,89.85,48,53.5
037447222948,831935,JUICE&reg; C2,Leatherman,GRANITE GRAY,,,BOX,64.5,,48,32.25
037447224553,831643,OHT&reg;,Leatherman,BLACK,,MOLLE BLACK,PEG,96,79.85,12,48
037447230059,831348,SURGE&reg;,Leatherman,BLACK,SQUARE BIT,MOLLE BLACK,BOX,136.5,104.85,48,68.25
037447230288,931013,REMOVABLE BIT DRIVER,Leatherman,BLACK,,,PKG,26.6,,24,13.3
037447233876,831861,JAM,Leatherman,,NOT FOR CLIMBING,,BOX INT,15,,24,7.5
037447234767,931003,SAW & FILE REPLACEMENT,Leatherman,,,BLACK SLEEVE,PKG,5,,24,2.5
037447236693,930350,CUTTER INSERTS,Leatherman,,,,PKG,10,,24,5
037447240560,831948,JUICE&reg; XE6,Leatherman,MOSS GREEN,,PREMIUM SHEATH,BOX,112,,48,56
037447240614,850111N,MUT&reg;,Leatherman,,,MOLLE BLACK,PEG,187.8,159.85,12,93.9
037447242342,830232,SURGE&reg;,Leatherman,,SQUARE BIT,PREMIUM SHEATH,BOX,124.8,99.85,48,62.4
037447247064,831233,SQUIRT&reg; PS4,Leatherman,BLACK,,,BOX,40,,48,20
037447248887,831349,SURGE&reg;,Leatherman,BLACK,SQUARE BIT,PREMIUM SHEATH,BOX,131.4,99.85,48,65.7
037447250170,831365,SUPER TOOL&reg; 300 EOD,Leatherman,BLACK,,MOLLE BLACK,PEG,114,99.85,12,57
037447251405,831234,SQUIRT&reg; PS4,Leatherman,BLACK,,,GIFT,42,,50,21
037447252853,831862,JAM & STYLE PS,Leatherman,,NOT FOR CLIMBING,,PEG,48,,12,24
037447260070,831121,FREESTYLE&reg;,Leatherman,,,,BOX,48,,48,24
037447260940,831639,OHT&reg;,Leatherman,BLACK,,MOLLE BLACK,BOX,96,79.85,48,48
037447261213,832246,TREAD&trade; LINK 1,Leatherman,BLACK,,,PKG,33,,24,16.5
037447261824,830110,WAVE&reg;,Leatherman,,SQUARE BIT,PREMIUM SHEATH,PEG,108,89.85,12,54
037447266812,830762N,CHARGE&reg; ALX,Leatherman,BLACK,,MOLLE BLACK,PEG,173.1,149.85,12,86.55
037447268786,831235,SQUIRT&reg; ES4,Leatherman,RED,,,PEG,40,,12,20
037447274718,64350181N,MICRA&reg;,Leatherman,GREEN,ALUMINUM,,BOX,33,,48,16.5
037447275975,832120,BY THE NUMBER #5,Leatherman,,,,PEG,8,,24,4
037447278112,832266,SIGNAL&trade;,Leatherman,,,STANDARD SHEATH,GIFT,126.6,99.85,24,63.3
037447278914,831236,SQUIRT&reg; ES4,Leatherman,RED,,,BOX,40,,48,20
037447279508,830080,WAVE&reg;,Leatherman,,,PREMIUM SHEATH,PEG,108,89.85,12,54
037447280207,832248,TREAD&trade; LINK 3,Leatherman,BLACK,,,PKG,33,,24,16.5
037447281556,831789,SKELETOOL SX,Leatherman,,,,BOX INT,80,,24,40
037447282454,831560,REBAR&reg;,Leatherman,,,LEATHER BOX,BOX,71,59.85,48,35.5
037447284496,831979,JUICE&reg; C2,Leatherman,SUNRISE YELLOW,,PREMIUM SHEATH,GIFT,70.5,,48,35.25
037447285417,832258,SIGNAL&trade;,Leatherman,,,,PEG,120,99.85,12,60
037447287343,831037,SKELETOOL&reg;,Leatherman,,SQUARE BIT,,GIFT,72,,24,36
037447288333,860111N,CRATER&reg; C33L,Leatherman,,,,BOX,34,,48,17
037447290213,831237,SQUIRT&reg; ES4,Leatherman,RED,,,GIFT,42,,50,21
037447293702,832116,BY THE NUMBER #1,Leatherman,,,,PEG,7,,24,3.5
037447301568,831122,FREESTYLE&reg;,Leatherman,,,,PEG,48,,12,24
037447304774,831123,FREESTYLE&reg;,Leatherman,,,,GIFT,50,,48,25
037447304934,831994,JUICE&reg; XE6,Leatherman,GRANITE GRAY,,,GIFT,110,,48,55
037447322754,64010082N,MICRA&reg;,Leatherman,,,,GIFT,31,,50,15.5
037447326585,64350183N,MICRA&reg;,Leatherman,GREEN,ALUMINUM,,PEG,33,,12,16.5
037447328718,831559,REBAR&reg;,Leatherman,,,LEATHER BOX,PEG,71,59.85,12,35.5
037447330520,64320082N,MICRA&reg;,Leatherman,BLACK,ALUMINUM,,GIFT,35,,50,17.5
037447330803,832256,TREAD&trade; LINK 11,Leatherman,BLACK,,,PKG,33,,24,16.5
037447331107,831797,CAM&trade;,Leatherman,BLACK,,MOLLE BLACK,PEG,34,,12,17
037447333330,8601140N,CRATER&reg; C33L,Leatherman,,,,PEG,34,,12,17
037447340284,831038,SKELETOOL&reg; CX,Leatherman,,SQUARE BIT,,GIFT,104,,24,52
037447347177,831238,SQUIRT&reg; ES4,Leatherman,BLUE,,,PEG,40,,12,20
037447347269,64330181N,MICRA&reg;,Leatherman,RED,ALUMINUM,,BOX,33,,48,16.5
037447347528,831558,REBAR&reg;,Leatherman,,,STANDARD SHEATH,GIFT,72,59.85,24,36
037447347832,831945,JUICE&reg; XE6,Leatherman,GRANITE GRAY,,,BOX,108,,48,54
037447349010,830165,SURGE&reg;,Leatherman,,,PREMIUM SHEATH,BOX,124.8,99.85,48,62.4
037447349690,830166,SURGE&reg;,Leatherman,,,STANDARD SHEATH,BOX,123.8,99.85,48,61.9
037447353178,830167,SURGE&reg;,Leatherman,,,PREMIUM SHEATH,PEG,124.8,99.85,12,62.4
037447362200,850112N,MUT&reg;,Leatherman,,,MOLLE BLACK,BOX,187.8,159.85,48,93.9
037447363382,931014,BIT KIT,Leatherman,,,,PKG,24,,24,12
037447373374,930379,POCKET CLIP,Leatherman,,SIDEKICK&reg;,,PKG,5,,24,2.5
037447379369,8601251N,CRATER&reg; C33LX,Leatherman,BLACK,,,BOX,42.6,,48,21.3
037447380785,830128,WAVE&reg;,Leatherman,,SQUARE BIT,STANDARD SHEATH,GIFT,109,89.85,24,54.5
037447382543,860121N,CRATER&reg; C33LX,Leatherman,,,,BOX,34,,48,17
037447386015,931015,BIT DRIVER EXTENDER,Leatherman,BLACK,,,PKG,23.3,,24,11.65
037447387678,8601540N,CRATER&reg; C33LX,Leatherman,BLACK,,,PEG,42.6,,12,21.3
037447387869,831239,SQUIRT&reg; ES4,Leatherman,BLUE,,,BOX,40,,48,20
037447388002,8601240N,CRATER&reg; C33LX,Leatherman,,,,PEG,34,,12,17
037447389023,831240,SQUIRT&reg; ES4,Leatherman,BLUE,,,GIFT,42,,50,21
037447390104,831840,LEAP&trade;,Leatherman,BLUE,,,PEG,54,,12,27
037447390395,64330183N,MICRA&reg;,Leatherman,RED,ALUMINUM,,PEG,33,,12,16.5
037447390739,830233,SURGE&reg;,Leatherman,,SQUARE BIT,STANDARD SHEATH,BOX,123.8,99.85,48,61.9
037447391408,831435,WINGMAN&reg;,Leatherman,,,,PEG,48,,12,24
037447392993,930360,CUTTER INSERTS,Leatherman,BLACK,EOD,,PKG,10.5,,24,5.25
037447395857,830168,SURGE&reg;,Leatherman,,,STANDARD SHEATH,PEG,123.8,99.85,12,61.9
037447396038,831679,BREWZER&trade;,Leatherman,,,,BOX,5,,48,2.5
037447396427,830081,WAVE&reg;,Leatherman,,,STANDARD SHEATH,PEG,107,89.85,12,53.5
037447396564,860211N,CRATER&reg; C33T,Leatherman,,,,BOX,46,,48,23
037447398889,64330082N,MICRA&reg;,Leatherman,RED,ALUMINUM,,GIFT,35,,50,17.5
037447401282,831241,SQUIRT&reg; ES4,Leatherman,BLACK,,,PEG,40,,12,20
037447401992,930905,SHEATH,Leatherman,BLACK,JUICE&reg;,PREMIUM SHEATH,PKG,5,,24,2.5
037447412882,831978,JUICE&reg; C2,Leatherman,SUNRISE YELLOW,,,GIFT,66.5,,48,33.25
037447413841,830234,SURGE&reg;,Leatherman,,SQUARE BIT,PREMIUM SHEATH,PEG,124.8,99.85,12,62.4
037447414107,830694,CHARGE&reg; AL,Leatherman,,,PREMIUM SHEATH,BOX,160,139.85,48,80
037447422454,930381,SHEATH,Leatherman,BLACK,REBAR&reg;,STANDARD SHEATH,PKG,5,,24,2.5
037447423321,830695,CHARGE&reg; AL,Leatherman,,,STANDARD SHEATH,BOX,159,139.85,48,79.5
037447424489,830696,CHARGE&reg; AL,Leatherman,,,PREMIUM SHEATH,PEG,160,139.85,12,80
037447427473,850121N,MUT&reg;,Leatherman,BLACK,,MOLLE BLACK,PEG,187.8,159.85,12,93.9
037447429248,832129,REV&trade;,Leatherman,,,,PEG,37,,12,18.5
037447432934,832158,RAPTOR&trade;,Leatherman,ORANGE,,MOLLE,BOX,80,69.85,24,40
037447433887,830697,CHARGE&reg; AL,Leatherman,,,STANDARD SHEATH,PEG,159,139.85,12,79.5
037447435034,930355,CUTTER INSERTS,Leatherman,BLACK,,,PKG,10.5,,24,5.25
037447437977,832022,TREAD&trade; QM1,Leatherman,BLACK,,,BOX,600,599.85,12,300
037447439230,831796,OHT&reg;,Leatherman,SILVER,,MOLLE BLACK,BOX,96,79.85,48,48
037447441691,831242,SQUIRT&reg; ES4,Leatherman,BLACK,,,BOX,40,,48,20
037447442537,8602140N,CRATER&reg; C33T,Leatherman,,,,PEG,46,,12,23
037447444043,64340082N,MICRA&reg;,Leatherman,BLUE,ALUMINUM,,GIFT,35,,50,17.5
037447448744,832165,RAPTOR&trade;,Leatherman,TAN,,MOLLE,PEG,80,69.85,12,40
037447449383,832176,RAPTOR&trade;,Leatherman,TAN,,UTILITY,PEG,80,69.85,12,40
037447449888,831243,SQUIRT&reg; ES4,Leatherman,BLACK,,,GIFT,42,,50,21
037447450246,831782,HAIL,Leatherman,,NOT FOR CLIMBING,,BOX INT,20,,24,10
037447451928,934825,SHEATH,Leatherman,BLACK,REBAR&reg;,LEATHER BOX,PKG,6,,24,3
037447454264,64350082N,MICRA&reg;,Leatherman,GREEN,ALUMINUM,,GIFT,35,,50,17.5
037447456404,831740,RAPTOR&trade;,Leatherman,BLACK,,MOLLE,PEG,80,69.85,12,40
037447456633,831800,PUMP&trade;,Leatherman,BLACK,,MOLLE BLACK,PEG,32,,12,16
037447456916,831980,JUICE&reg; C2,Leatherman,GRANITE GRAY,,,GIFT,66.5,,48,33.25
037447461507,939909,CUTTER,Leatherman,,Z-REX,,PKG,10,,24,5
037447462061,930361,CARBON SCRAPER,Leatherman,,MUT&reg;,,PKG,6,,24,3
037447463587,831742,RAPTOR&trade;,Leatherman,BLACK,,MOLLE,BOX,80,69.85,24,40
037447465437,830170,SURGE&reg;,Leatherman,,,STANDARD SHEATH,GIFT,125.8,99.85,24,62.9
037447466632,831843,LEAP&trade;,Leatherman,RED,,,PEG,54,,12,27
037447468032,831350,SURGE&reg;,Leatherman,BLACK,SQUARE BIT,STANDARD SHEATH,BOX,130.4,99.85,48,65.2
037447469343,64320183N,MICRA&reg;,Leatherman,BLACK,ALUMINUM,,PEG,33,,12,16.5
037447470011,831864,JAM & STYLE PS,Leatherman,,NOT FOR CLIMBING,,BOX INT,48,,24,24
037447470271,831491,STYLE&reg; PS,Leatherman,,,,BOX,33,,48,16.5
037447477942,831244,STYLE&reg; CS,Leatherman,,,,PEG,25,,12,12.5
037447478697,831150,SUPER TOOL&reg; 300,Leatherman,,,STANDARD SHEATH,GIFT,92,79.85,24,46
037447479229,831245,STYLE&reg; CS,Leatherman,,,,BOX,25,,48,12.5
037447481161,64380082N,MICRA&reg;,Leatherman,GRAY,ALUMINUM,,GIFT,35,,50,17.5
037447484155,830698,CHARGE&reg; AL,Leatherman,,,PREMIUM SHEATH,GIFT,162,139.85,24,81
037447487514,8602251N,CRATER&reg; C33TX,Leatherman,BLACK,,,BOX,54.6,,48,27.3
037447491276,930362,PUNCH,Leatherman,BLACK,EOD,,PKG,5,,24,2.5
037447491566,930363,PUNCH,Leatherman,,"1/8""",,PKG,5,,24,2.5
037447493096,831436,WINGMAN&reg;,Leatherman,,,,BOX,48,,48,24
037447494000,831563,REBAR&reg;,Leatherman,BLACK,,MOLLE BLACK,BOX,81,69.85,48,40.5
037447494765,930364,HOOK CUTTER,Leatherman,,MUT&reg;,,PKG,5,,24,2.5
037447496677,831933,JUICE&reg; C2,Leatherman,SUNRISE YELLOW,,,BOX,64.5,,48,32.25
037447499302,830699,CHARGE&reg; AL,Leatherman,,,STANDARD SHEATH,GIFT,161,139.85,24,80.5
037447500084,831677,MAKO&trade; TI,Leatherman,,,,PEG,40,,12,20
037447501784,831246,STYLE&reg; CS,Leatherman,,,,GIFT,27,,50,13.5
037447505287,930372,CARBON SCRAPER,Leatherman,,MUT&reg; BLACK,,PKG,6,,24,3
037447506284,831947,JUICE&reg; XE6,Leatherman,MOSS GREEN,,,BOX,108,,48,54
037447508172,931011,SAW & FILE REPLACEMENT,Leatherman,BLACK,,BLACK SLEEVE,PKG,10,,24,5
037447508721,831437,WINGMAN&reg;,Leatherman,,,,GIFT,50,,48,25
037447508851,831780,HAIL,Leatherman,,NOT FOR CLIMBING,,PEG,20,,12,10
037447512070,939912,SHEATH,Leatherman,BROWN,LARGE,MOLLE BROWN,PKG,12,,24,6
037447517884,832016,JUICE&reg; S2,Leatherman,GRANITE GRAY,,,PEG,74,,12,37
037447519468,831841,LEAP&trade;,Leatherman,BLUE,,,GIFT,56,,48,28
037447520693,831438,SIDEKICK&reg;,Leatherman,,,STANDARD SHEATH,PEG,60,,12,30
037447524486,831987,JUICE&reg; CS4,Leatherman,GRANITE GRAY,,PREMIUM SHEATH,GIFT,93,,48,46.5
037447528729,832255,TREAD&trade; LINK 10,Leatherman,BLACK,,,PKG,33,,24,16.5
037447537325,939906,SHEATH,Leatherman,BLACK,WAVE&reg;,LEATHER BOX,PKG,6,,24,3
037447538568,831934,JUICE&reg; C2,Leatherman,SUNRISE YELLOW,,PREMIUM SHEATH,BOX,68.5,,48,34.25
037447541193,939907,SHEATH,Leatherman,BROWN,LARGE,MOLLE-USA BROWN,PKG,16,,24,8
037447543241,934885,SHEATH,Leatherman,BLACK,SUPER TOOL&reg; 300,LEATHER BOX,PKG,6,,24,3
037447543302,8602540N,CRATER&reg; C33TX,Leatherman,BLACK,,,PEG,54.6,,12,27.3
037447543647,832239,TREAD&trade; LINK 6,Leatherman,STAINLESS,,,PKG,27.5,,24,13.75
037447543753,831981,JUICE&reg; C2,Leatherman,GRANITE GRAY,,PREMIUM SHEATH,GIFT,70.5,,48,35.25
037447544903,831644,OHT&reg;,Leatherman,COYOTE TAN,,MOLLE BLACK,PEG,108,89.85,12,54
037447549199,831490,STYLE&reg; PS,Leatherman,,,,PEG,33,,12,16.5
037447552847,832267,CROC,Leatherman,,,,BOX,10,,48,5
037447552960,830704,CHARGE&reg; AL,Leatherman,,METRIC BITS,PREMIUM SHEATH,BOX,160,139.85,48,80
037447556074,931009,BIT DRIVER EXTENDER,Leatherman,,,,PKG,18,,24,9
037447556500,831982,JUICE&reg; S2,Leatherman,CINNABAR ORANGE,,PREMIUM SHEATH,GIFT,80,,48,40
037447559907,830705,CHARGE&reg; AL,Leatherman,,METRIC BITS,STANDARD SHEATH,BOX,159,139.85,48,79.5
037447560712,831151,SUPER TOOL&reg; 300,Leatherman,BLACK,,MOLLE BLACK,BOX,103,89.85,48,51.5
037447562075,930365,WRENCH,Leatherman,,MUT&reg;,,PKG,5,,24,2.5
037447562167,830706,CHARGE&reg; AL,Leatherman,,METRIC BITS,PREMIUM SHEATH,PEG,160,139.85,12,80
037447563270,830707,CHARGE&reg; AL,Leatherman,,METRIC BITS,STANDARD SHEATH,PEG,159,139.85,12,79.5
037447563508,831646,OHT&reg;,Leatherman,COYOTE TAN,,MOLLE BROWN,PEG,108,89.85,12,54
037447571077,931005,SHEATH,Leatherman,BLACK,LARGE,MOLLE BLACK,PKG,12,,24,6
037447571190,832265,SIGNAL&trade;,Leatherman,,,STANDARD SHEATH,BOX,124.6,99.85,24,62.3
037447572609,830708,CHARGE&reg; AL,Leatherman,,METRIC BITS,PREMIUM SHEATH,GIFT,162,139.85,24,81
037447573880,830709,CHARGE&reg; AL,Leatherman,,METRIC BITS,STANDARD SHEATH,GIFT,161,139.85,24,80.5
037447578380,832238,TREAD&trade; LINK 5,Leatherman,STAINLESS,,,PKG,32,,24,16
037447579240,830710,CHARGE&reg; ALX,Leatherman,,,PREMIUM SHEATH,BOX,160,139.85,48,80
037447583162,831983,JUICE&reg; S2,Leatherman,CINNABAR ORANGE,,,GIFT,76,,48,38
037447584626,831984,JUICE&reg; CS4,Leatherman,COLUMBIA BLUE,,PREMIUM SHEATH,GIFT,93,,48,46.5
037447588310,830711,CHARGE&reg; ALX,Leatherman,,,STANDARD SHEATH,BOX,159,139.85,48,79.5
037447590771,831939,JUICE&reg; CS4,Leatherman,GRANITE GRAY,,,BOX,87,,48,43.5
037447591716,832247,TREAD&trade; LINK 2,Leatherman,BLACK,,,PKG,33,,24,16.5
037447595332,831799,CAM&trade;,Leatherman,BLACK,,MOLLE BLACK,BOX,34,,48,17
037447595851,860221N,CRATER&reg; C33TX,Leatherman,,,,BOX,46,,48,23
037447597794,831152,SUPER TOOL&reg; 300,Leatherman,BLACK,,MOLLE BLACK,PEG,103,89.85,12,51.5
037447598234,830712,CHARGE&reg; ALX,Leatherman,,,PREMIUM SHEATH,PEG,160,139.85,12,80
037447600128,831562,REBAR&reg;,Leatherman,BLACK,,MOLLE BLACK,PEG,81,69.85,12,40.5
037447601118,830713,CHARGE&reg; ALX,Leatherman,,,STANDARD SHEATH,PEG,159,139.85,12,79.5
037447602313,934890,SHEATH,Leatherman,BLACK,SURGE&reg; & SUPER TOOL&reg; 300,STANDARD SHEATH,PKG,5.5,,24,2.75
037447605567,830714,CHARGE&reg; ALX,Leatherman,,,PREMIUM SHEATH,GIFT,162,139.85,24,81
037447607455,830715,CHARGE&reg; ALX,Leatherman,,,STANDARD SHEATH,GIFT,161,139.85,24,80.5
037447611414,832167,RAPTOR&trade;,Leatherman,BLACK,,UTILITY,BOX,80,69.85,24,40
037447612275,939910,HOLSTER,Leatherman,,RAPTOR&trade;,,PKG,15,,24,7.5
037447617584,830716,CHARGE&reg; ALX,Leatherman,,METRIC BITS,PREMIUM SHEATH,BOX,160,139.85,48,80
037447618277,830717,CHARGE&reg; ALX,Leatherman,,METRIC BITS,STANDARD SHEATH,BOX,159,139.85,48,79.5
037447619298,831557,REBAR&reg;,Leatherman,,,STANDARD SHEATH,BOX,70,59.85,48,35
037447628030,831785,HAIL & STYLE PS,Leatherman,,NOT FOR CLIMBING,,BOX INT,53,,24,26.5
037447630040,934835,SHEATH,Leatherman,BLACK,CRUNCH&reg;,LEATHER BOX,PKG,6,,24,3
037447635106,832015,JUICE&reg; S2,Leatherman,CINNABAR ORANGE,,,PEG,74,,12,37
037447639326,830719,CHARGE&reg; ALX,Leatherman,,METRIC BITS,STANDARD SHEATH,PEG,159,139.85,12,79.5
037447640698,64010181N,MICRA&reg;,Leatherman,,,,BOX,29,,48,14.5
037447642142,831941,JUICE&reg; S2,Leatherman,CINNABAR ORANGE,,,BOX,74,,48,37
037447645471,831842,LEAP&trade;,Leatherman,RED,,,BOX,54,,24,27
037447646546,64010183N,MICRA&reg;,Leatherman,,,,PEG,29,,12,14.5
037447650727,831853,THRUSTER,Leatherman,,,,BOX,22,,24,11
037447651595,830964,SKELETOOL&reg;,Leatherman,,SQUARE BIT,,BOX,70,,48,35
037447656668,831683,MAKO&trade; TI,Leatherman,,,,BOX,40,,48,20
037447659294,930367,POCKET CLIP,Leatherman,,MUT&reg;,,PKG,12,,24,6
037447663277,831454,WAVE&reg;,Leatherman,,CAP CRIMPER,PREMIUM SHEATH,BOX,108,89.85,48,54
037447664052,831439,SIDEKICK&reg;,Leatherman,,,STANDARD SHEATH,BOX,60,,48,30
037447666568,831836,LEAP&trade;,Leatherman,GREEN,,,BOX,54,,24,27
037447666629,832013,JUICE&reg; CS4,Leatherman,COLUMBIA BLUE,,,PEG,87,,12,43.5
037447666773,930366,SHEATH,Leatherman,BROWN,XLARGE,MOLLE BROWN,PKG,15,,24,7.5
037447666827,830721,CHARGE&reg; ALX,Leatherman,,METRIC BITS,STANDARD SHEATH,GIFT,161,139.85,24,80.5
037447667336,8602240N,CRATER&reg; C33TX,Leatherman,,,,PEG,46,,12,23
037447671128,831849,THRUSTER,Leatherman,,,,PEG,22,,12,11
037447671432,832130,REV&trade;,Leatherman,,,,BOX,37,,24,18.5
037447671548,831368,SUPER TOOL&reg; 300 EOD,Leatherman,BLACK,,MOLLE BROWN,BOX,114,99.85,48,57
037447671951,934920,BIT KIT,Leatherman,,CANADIAN,,PKG,11,,24,5.5
037447673153,830965,SKELETOOL&reg;,Leatherman,,SQUARE BIT,,PEG,70,,12,35
037447674969,831946,JUICE&reg; XE6,Leatherman,GRANITE GRAY,,PREMIUM SHEATH,BOX,112,,48,56
037447674990,832264,SIGNAL&trade;,Leatherman,,,STANDARD SHEATH,PEG,124.6,99.85,12,62.3
037447675812,830722,CHARGE&reg; TTI,Leatherman,,,PREMIUM SHEATH,BOX,192.8,169.85,48,96.4
037447685835,934865,POCKET CLIP,Leatherman,BLACK,KICK&reg;,,PKG,9,,24,4.5
037447687358,830723,CHARGE&reg; TTI,Leatherman,,,STANDARD SHEATH,BOX,191.8,169.85,48,95.9
037447694080,831440,SIDEKICK&reg;,Leatherman,,,STANDARD SHEATH,GIFT,62,,24,31
037447694837,930373,PUNCH,Leatherman,BLACK,"1/8""",,PKG,5,,24,2.5
037447696275,931016,SHEATH,Leatherman,BLACK,CHARGE&reg;,PREMIUM SHEATH,PKG,6,,24,3
037447698347,832235,TREAD&trade; LINK 2,Leatherman,STAINLESS,,,PKG,27.5,,24,13.75
037447708275,931017,SHEATH,Leatherman,BLACK,SURGE&reg;,PREMIUM SHEATH,PKG,6.5,,24,3.25
037447717291,850011N,MUT&reg;,Leatherman,,,MOLLE BROWN,PEG,187.8,159.85,12,93.9
037447721199,832236,TREAD&trade; LINK 3,Leatherman,STAINLESS,,,PKG,27.5,,24,13.75
037447722783,831938,JUICE&reg; CS4,Leatherman,COLUMBIA BLUE,,PREMIUM SHEATH,BOX,91,,48,45.5
037447723582,64380181N,MICRA&reg;,Leatherman,GRAY,ALUMINUM,,BOX,33,,48,16.5
037447723919,831786,STYLE PS,Leatherman,BLACK, ,,AS PEG,33,,12,16.5
037447725159,832121,BY THE NUMBER #6,Leatherman,,,,PEG,7,,24,3.5
037447725845,68010181N,CRUNCH&reg;,Leatherman,,,LEATHER BOX,BOX,121,,48,60.5
037447726545,832259,SIGNAL&trade;,Leatherman,,,,BOX,120,99.85,24,60
037447728860,831641,OHT&reg;,Leatherman,BLACK,,MOLLE BROWN,BOX,96,79.85,48,48
037447733826,831992,JUICE&reg; XE6,Leatherman,GRANITE GRAY,,PREMIUM SHEATH,GIFT,114,,48,57
037447745720,830724,CHARGE&reg; TTI,Leatherman,,,PREMIUM SHEATH,PEG,192.8,169.85,12,96.4
037447751301,830725,CHARGE&reg; TTI,Leatherman,,,STANDARD SHEATH,PEG,191.8,169.85,12,95.9
037447753176,850012N,MUT&reg;,Leatherman,,,MOLLE BROWN,BOX,187.8,159.85,48,93.9
037447755590,830726,CHARGE&reg; TTI,Leatherman,,,PREMIUM SHEATH,GIFT,194.8,169.85,24,97.4
037447761560,831648,Z-REX&reg;,Leatherman,,,MOLLE BLACK,BOX,26,,24,13
037447762659,930380,SHEATH,Leatherman,BROWN,SIDEKICK&reg;,LEATHER SLEEVE,PKG,4,,24,2
037447768477,830727,CHARGE&reg; TTI,Leatherman,,,STANDARD SHEATH,GIFT,193.8,169.85,24,96.9
037447768729,850021N,MUT&reg;,Leatherman,BLACK,,MOLLE BROWN,PEG,187.8,159.85,12,93.9
037447772726,832240,TREAD&trade; LINK 7,Leatherman,STAINLESS,,,PKG,27.5,,24,13.75
037447778230,832131,REV&trade;,Leatherman,,,,GIFT,39,,24,19.5
037447778827,831989,JUICE&reg; S2,Leatherman,GRANITE GRAY,,,GIFT,76,,48,38
037447782749,830082,WAVE&reg;,Leatherman,,,PREMIUM SHEATH,GIFT,110,89.85,24,55
037447784644,68010183N,CRUNCH&reg;,Leatherman,,,LEATHER BOX,PEG,121,,12,60.5
037447786556,831937,JUICE&reg; CS4,Leatherman,COLUMBIA BLUE,,,BOX,87,,48,43.5
037447786747,850122N,MUT&reg;,Leatherman,BLACK,,MOLLE BLACK,BOX,187.8,159.85,48,93.9
037447790461,930374,ACCESSORY KIT,Leatherman,,MUT&reg; BLACK,,PKG,20,,24,10
037447796982,831986,JUICE&reg; CS4,Leatherman,COLUMBIA BLUE,,,GIFT,89,,48,44.5
037447798016,64340181N,MICRA&reg;,Leatherman,BLUE,ALUMINUM,,BOX,33,,48,16.5
037447804519,830235,SURGE&reg;,Leatherman,,SQUARE BIT,STANDARD SHEATH,PEG,123.8,99.85,12,61.9
037447806551,830966,SKELETOOL&reg; CX,Leatherman,,SQUARE BIT,,BOX,102,,48,51
037447810527,831943,JUICE&reg; S2,Leatherman,GRANITE GRAY,,,BOX,74,,48,37
037447815355,831183,SUPER TOOL&reg; 300,Leatherman,,,LEATHER BOX,BOX,91,79.85,48,45.5
037447820175,832119,BY THE NUMBER #4,Leatherman,,,,PEG,10,,24,5
037447820557,830731,CHARGE&reg; TTI,Leatherman,,METRIC BITS,PREMIUM SHEATH,BOX,192.8,169.85,48,96.4
037447825286,850131N,MUT&reg; EOD,Leatherman,BLACK,,MOLLE BLACK,PEG,199.8,169.85,12,99.9
037447831317,830732,CHARGE&reg; TTI,Leatherman,,METRIC BITS,STANDARD SHEATH,BOX,191.8,169.85,48,95.9
037447833953,830733,CHARGE&reg; TTI,Leatherman,,METRIC BITS,PREMIUM SHEATH,PEG,192.8,169.85,12,96.4
037447840319,64380183N,MICRA&reg;,Leatherman,GRAY,ALUMINUM,,PEG,33,,12,16.5
037447840463,831997,JUICE&reg; XE6,Leatherman,MOSS GREEN,,PREMIUM SHEATH,GIFT,114,,48,57
037447840845,830734,CHARGE&reg; TTI,Leatherman,,METRIC BITS,STANDARD SHEATH,PEG,191.8,169.85,12,95.9
037447846908,830111,WAVE&reg;,Leatherman,,SQUARE BIT,STANDARD SHEATH,PEG,107,89.85,12,53.5
037447848162,831866,STYLE PS,Leatherman,RED, ,,BOX,33,,24,16.5
037447848988,831999,TREAD&trade;,Leatherman,BLACK,,,BOX,220,199.85,12,110
037447850745,830236,SURGE&reg;,Leatherman,,SQUARE BIT,PREMIUM SHEATH,GIFT,126.8,99.85,24,63.4
037447855191,832172,RAPTOR&trade;,Leatherman,ORANGE,,UTILITY,PEG,80,69.85,12,40
037447855276,830735,CHARGE&reg; TTI,Leatherman,,METRIC BITS,PREMIUM SHEATH,GIFT,194.8,169.85,24,97.4
037447856921,934850,POCKET CLIP & LANYARD RING,Leatherman,,CHARGE&reg; & WAVE&reg;,,PKG,5,,24,2.5
037447858208,830736,CHARGE&reg; TTI,Leatherman,,METRIC BITS,STANDARD SHEATH,GIFT,193.8,169.85,24,96.9
037447860386,831940,JUICE&reg; CS4,Leatherman,GRANITE GRAY,,PREMIUM SHEATH,BOX,91,,48,45.5
037447862052,831561,REBAR&reg;,Leatherman,,,LEATHER BOX,GIFT,73,59.85,24,36.5
037447868931,850132N,MUT&reg; EOD,Leatherman,BLACK,,MOLLE BLACK,BOX,199.8,169.85,48,99.9
037447873003,831492,STYLE&reg; PS,Leatherman,,,,GIFT,35,,50,17.5
037447875960,68010281N,CRUNCH&reg;,Leatherman,,,STANDARD SHEATH,BOX,120,,48,60
037447876998,831675,BREWZER&trade;,Leatherman,,,,PEG,5,,12,2.5
037447879265,830967,SKELETOOL&reg; CX,Leatherman,,SQUARE BIT,,PEG,102,,12,51
037447880049,832273,CROC,Leatherman,,,,PEG,10,,48,5
037447881312,939908,SHEATH,Leatherman,BLACK,Z-REX,MOLLE BLACK,PKG,8,,24,4
037447881466,832257,TREAD&trade; LINK 12,Leatherman,BLACK,,,PKG,33,,24,16.5
037447893629,930368,BIT KIT,Leatherman,,MUT&reg;,,PKG,7,,24,3.5
037447896118,831184,SUPER TOOL&reg; 300,Leatherman,,,LEATHER BOX,PEG,91,79.85,12,45.5
037447902024,850022N,MUT&reg;,Leatherman,BLACK,,MOLLE BROWN,BOX,187.8,159.85,48,93.9
037447902154,850031N,MUT&reg; EOD,Leatherman,BLACK,,MOLLE BROWN,PEG,199.8,169.85,12,99.9
037447907579,64340183N,MICRA&reg;,Leatherman,BLUE,ALUMINUM,,PEG,33,,12,16.5
037447911149,831856,GRIND,Leatherman,,NOT FOR CLIMBING,,PEG,20,,12,10
037447911651,831839,LEAP&trade;,Leatherman,BLUE,,,BOX,54,,24,27
037447912795,831787,SKELETOOL SX,Leatherman,, ,,PEG,80,,12,40
037447915369,832014,JUICE&reg; CS4,Leatherman,GRANITE GRAY,,,PEG,87,,12,43.5
037447919947,832234,TREAD&trade; LINK 1,Leatherman,STAINLESS,,,PKG,27.5,,24,13.75
037447923302,832243,TREAD&trade; LINK 10,Leatherman,STAINLESS,,,PKG,27.5,,24,13.75
037447924354,934855,POCKET CLIP & LANYARD RING,Leatherman,BLACK,CHARGE&reg; & WAVE&reg;,,PKG,6,,24,3
037447937569,930369,ACCESSORY KIT,Leatherman,,MUT&reg;,,PKG,20,,24,10
037447938481,831455,WAVE&reg;,Leatherman,,CAP CRIMPER,STANDARD SHEATH,BOX,107,89.85,48,53.5
037447939969,831998,TREAD&trade;,Leatherman,STAINLESS,,,BOX,165,149.85,12,82.5
037447940569,832018,JUICE&reg; XE6,Leatherman,MOSS GREEN,,,PEG,108,,12,54
037447941504,832244,TREAD&trade; LINK 11,Leatherman,STAINLESS,,,PKG,27.5,,24,13.75
037447944239,831185,SUPER TOOL&reg; 300,Leatherman,,,LEATHER BOX,GIFT,93,79.85,24,46.5
037447944802,832174,RAPTOR&trade;,Leatherman,TAN,,UTILITY,BOX,80,69.85,24,40
037447947599,831369,SUPER TOOL&reg; 300 EOD,Leatherman,BLACK,,MOLLE BLACK,BOX,114,99.85,48,57
037447948015,850032N,MUT&reg; EOD,Leatherman,BLACK,,MOLLE BROWN,BOX,199.8,169.85,48,99.9
037447948022,832242,TREAD&trade; LINK 9,Leatherman,STAINLESS,,,PKG,27.5,,24,13.75
037447952821,832245,TREAD&trade; LINK 12,Leatherman,STAINLESS,,,PKG,27.5,,24,13.75
037447954313,832251,TREAD&trade; LINK 6,Leatherman,BLACK,,,PKG,33,,24,16.5
037447971914,831803,RAIL&trade;,Leatherman,BLACK,,MOLLE BLACK,PEG,30,,12,15
037447980626,832012,JUICE&reg; C2,Leatherman,GRANITE GRAY,,,PEG,64.5,,12,32.25
037447980817,832232,TREAD&trade;,Leatherman,BLACK,,,PEG,220,199.85,12,110
037447985317,832125,BY THE NUMBER #10,Leatherman,,,,PEG,7,,24,3.5
037447986505,830083,WAVE&reg;,Leatherman,,,STANDARD SHEATH,GIFT,109,89.85,24,54.5
037447987250,831779,RIME,Leatherman,,NOT FOR CLIMBING,,BOX INT,15,,24,7.5
037447990427,830237,SURGE&reg;,Leatherman,,SQUARE BIT,STANDARD SHEATH,GIFT,125.8,99.85,24,62.9
037447994357,930370,ACCESSORY KIT,Leatherman,,MUT&reg; EOD BLACK,,PKG,20,,24,10
037447994777,832260,SIGNAL&trade;,Leatherman,,,,GIFT,122,99.85,24,61
037774198533,831858,GRIND,Leatherman,,NOT FOR CLIMBING,,BOX INT,20,,24,10
847706000015,880001,H7.2,Led Lenser,BLACK,,CARRYING CASE,PEG,70,59.85,24,35
847706000220,880002,H7.2,Led Lenser,BLACK,,CARRYING CASE,BOX,70,59.85,48,35
847706000336,880003,P7.2,Led Lenser,BLACK,,CARRYING CASE,PEG,76,69.85,24,38
847706000442,880004,P7.2,Led Lenser,BLACK,,CARRYING CASE,BOX,76,69.85,48,38
847706000558,880005,T7.2,Led Lenser,BLACK,,CARRYING CASE,PEG,80,74.85,24,40
847706000664,880006,T7.2,Led Lenser,BLACK,,CARRYING CASE,BOX,80,74.85,48,40
847706000770,880007,INTELLIGENT FILTER HOLSTER,Led Lenser,,M7-MT7-M7R-P7-T7-M7RX,,PKG,12,,72,6
847706000886,880008,X21.2,Led Lenser,BLACK,,,CASE,530,399.85,2,265
847706000992,880009,FILTER SET,Led Lenser,,,,PKG,6,,144,3
847706001104,880010,M7R,Led Lenser,BLACK,RECHARGEABLE,INTELLIGENT CLIP,CASE,160,149.85,6,80
847706001111,880011,P5.2,Led Lenser,BLACK,,CARRYING CASE,PEG,55,49.85,48,27.5
847706001128,880012,P5.2,Led Lenser,BLACK,,CARRYING CASE,BOX,55,49.85,72,27.5
847706001135,880013,ROLL PROTECTION,Led Lenser,,7 SERIES,,PKG,3,,144,1.5
847706001142,880014,P5R.2,Led Lenser,BLACK,RECHARGEABLE,INTELLIGENT CLIP,CASE,110,99.85,6,55
847706001159,880015,L7,Led Lenser,BLACK,,,PEG,40,,24,20
847706001166,880016,L7,Led Lenser,BLACK,,,BOX,40,,48,20
847706001173,880017,P3BM,Led Lenser,BLACK,,CARRYING CASE,PEG,24,,48,12
847706001180,880018,P3BM,Led Lenser,BLACK,,CARRYING CASE,BOX,24,,72,12
847706001197,880019,H4,Led Lenser,BLUE,,3-IN-1 CASE,PEG,25,,24,12.5
847706002200,880020,H4,Led Lenser,BLUE,,3-IN-1 CASE,BOX,25,,48,12.5
847706002217,880021,H7R.2,Led Lenser,BLACK,RECHARGEABLE,CARRYING CASE,PEG,93,79.85,24,46.5
847706002224,880022,H7R.2,Led Lenser,BLACK,RECHARGEABLE,CARRYING CASE,BOX,93,79.85,36,46.5
847706002231,880023,P14.2,Led Lenser,BLACK,,CARRYING CASE,PEG,85,79.85,12,42.5
847706002248,880024,P14.2,Led Lenser,BLACK,,CARRYING CASE,BOX,85,79.85,24,42.5
847706002255,880025,TAC TORCH&trade;,Led Lenser,BLACK,,CARRYING CASE,PEG,50,,36,25
847706002262,880026,TAC TORCH&trade;,Led Lenser,BLACK,,CARRYING CASE,BOX,50,,48,25
847706002279,880027,V&sup2;,Led Lenser,BLACK,,CARRYING CASE,PEG,40,,48,20
847706002286,880028,V&sup2;,Led Lenser,BLACK,,CARRYING CASE,BOX,40,,72,20
847706002293,880029,ROLL PROTECTION,Led Lenser,,X21,,PKG,3.5,,48,1.75
847706002477,880127,SEO5&trade;,Led Lenser,GRAY,,,BOX,57,48.85,24,28.5
847706003306,880030,T7M,Led Lenser,BLACK,,INTELLIGENT CLIP,BOX,105,89.85,48,52.5
847706003313,880031,TRIPOD FASTENER,Led Lenser,,X21-X21R-M14-X14-M14X-P17,,PKG,3.5,,144,1.75
847706003320,880032,M14,Led Lenser,BLACK,,INTELLIGENT CLIP,BOX,130,119.85,24,65
847706003337,880033,P6.2,Led Lenser,BLACK,,CARRYING CASE,PEG,60,49.85,36,30
847706003344,880034,P6.2,Led Lenser,BLACK,,CARRYING CASE,BOX,60,49.85,72,30
847706003351,880035,MAGNETIC MOUNTING,Led Lenser,,M7-MT7-M7R-P7-T7-M7RX-X7,,PKG,10,,144,5
847706003368,880036,H14R.2,Led Lenser,BLACK,RECHARGEABLE,,BOX,160,139.85,12,80
847706003375,880037,H5,Led Lenser,BLACK,,CARRYING CASE,PEG,30,,24,15
847706003382,880038,H5,Led Lenser,BLACK,,CARRYING CASE,BOX,30,,48,15
847706003399,880039,V&sup2; DUAL COLOR,Led Lenser,BLACK,,CARRYING CASE,PEG,30,,48,15
847706003610,880130,SEO5&trade;,Led Lenser,RED,,,PEG,57,49.85,24,28.5
847706004402,880040,V&sup2; DUAL COLOR,Led Lenser,BLACK,,CARRYING CASE,BOX,30,,48,15
847706004419,880041,D14,Led Lenser,NEON YELLOW,,,PEG,70,59.85,24,35
847706004426,880042,D14,Led Lenser,NEON YELLOW,,,BOX,70,59.85,36,35
847706004433,880043,H14.2,Led Lenser,BLACK,,,PEG,120,99.85,24,60
847706004440,880044,H14.2,Led Lenser,BLACK,,,BOX,120,99.85,12,60
847706004457,880045,P2BM,Led Lenser,BLACK,,CARRYING CASE,PEG,23,,48,11.5
847706004464,880046,P2BM,Led Lenser,BLACK,,CARRYING CASE,BOX,23,,72,11.5
847706004471,880047,P4 BM,Led Lenser,BLACK,,CARRYING CASE,PEG,25,,48,12.5
847706004488,880048,P4 BM,Led Lenser,BLACK,,CARRYING CASE,BOX,25,,72,12.5
847706004495,880049,P17.2,Led Lenser,BLACK,,,PEG,110,99.85,12,55
847706005409,880079,NI-MH AA BATTERY (4),Led Lenser,,H14R,,PKG,20,,72,10
847706005508,880050,P17.2,Led Lenser,BLACK,,,BOX,110,99.85,12,55
847706005515,880051,M1,Led Lenser,BLACK,,CARRYING CASE,PEG,75,69.85,48,37.5
847706005522,880052,M1,Led Lenser,BLACK,,CARRYING CASE,BOX,75,69.85,72,37.5
847706005539,880053,M5,Led Lenser,BLACK,,CARRYING CASE,PEG,65,59.85,48,32.5
847706005546,880054,M5,Led Lenser,BLACK,,CARRYING CASE,BOX,65,59.85,72,32.5
847706005553,880055,M7,Led Lenser,BLACK,,INTELLIGENT CLIP,PEG,105,89.85,36,52.5
847706005560,880056,M7,Led Lenser,BLACK,,INTELLIGENT CLIP,BOX,105,89.85,48,52.5
847706005577,880057,K3,Led Lenser,BLACK,,,PEG,20,,48,10
847706005584,880058,K3,Led Lenser,BLACK,,,BOX,20,,144,10
847706005591,880059,AUTOMOTIVE,Led Lenser,SILVER,,,PEG,21,,48,10.5
847706006598,880147,SHEATH,Led Lenser,,P5R,,PKG,3,,12,1.5
847706006604,880060,AUTOMOTIVE,Led Lenser,SILVER,,,BOX,21,,72,10.5
847706009001,880064,INTELLIGENT CLIP,Led Lenser,,TT&V2,,PKG,6.5,,144,3.25
847706010502,880065,INTELLIGENT CLIP,Led Lenser,,L7-M7-MT7-M7R-P7-T7-M7RX-X7,,PKG,7,,144,3.5
847706011516,880145,UNIVERSAL MOUNTING BRACKET,Led Lenser,,7 SERIES,,PKG,6,,12,3
847706012452,880167,SEO REPLACEMENT HEADLAMPSTRAP,Led Lenser,REFLECTIVE,SEO,,PKG,12,,144,6
847706013930,880082,FLOATING CHARGE SYSTEM,Led Lenser,,M7R,,PKG,13,,72,6.5
847706014470,880122,F1,Led Lenser,BLACK,,,BOX,80,69.85,48,40
847706015057,880080,120V WALL CHARGER,Led Lenser,,H14R,,PKG,20,,96,10
847706016788,880300,H3,Led Lenser,BLACK,,,BOX,25,,48,12.5
847706016962,880099,I6,Led Lenser,BLACK,,,BOX,50,,48,25
847706017952,880299,H3,Led Lenser,BLACK,,,PEG,25,,24,12.5
847706018348,880068,CAR CHARGER,Led Lenser,,USB,,PKG,10,,144,5
847706018522,880126,SEO3&trade;,Led Lenser,GREEN,,,PEG,39,,24,19.5
847706019147,880143,H14R.2,Led Lenser,BLACK,RECHARGEABLE,,PEG,160,139.85,12,80
847706019802,880084,CHARGING CORD,Led Lenser,,H7R,,PKG,2.5,,144,1.25
847706021645,880165,P7QC,Led Lenser,BLACK,WHITE-RED-GREEN-BLUE,CARRYING CASE,PEG,90,79.85,24,45
847706023601,880071,SHEATH,Led Lenser,,P6,,PKG,3,,72,1.5
847706023892,880124,M17R,Led Lenser,BLACK,RECHARGEABLE,INTELLIGENT CLIP,CASE,400,299.85,2,200
847706024448,880297,P3 AFS,Led Lenser,BLACK,,CARRYING CASE,BOX,20,,72,10
847706026343,880164,M3R,Led Lenser,BLACK,RECHARGEABLE,CARRYING CASE,PEG,80,69.85,24,40
847706028095,880075,REMOTE SWITCH,Led Lenser,,P7,,PKG,20,,144,10
847706029269,880093,P3 AFS P,Led Lenser,BLACK,,CARRYING CASE,PEG,40,,48,20
847706029887,880239,LI-ION BATTERY PACK,Led Lenser,,H14R.2,,PKG,50,,24,25
847706032771,880155,SIGNAL CONE,Led Lenser,,M17R-P17R,,PKG,4,,72,2
847706033815,880070,SHEATH,Led Lenser,,P14,,PKG,5,,72,2.5
847706035093,880123,P17R,Led Lenser,BLACK,RECHARGEABLE,INTELLIGENT CLIP,BOX,300,249.85,6,150
847706040882,880069,SHEATH,Led Lenser,,L7-M7-MT7-M7R-P7-T7,,PKG,3,,72,1.5
847706040929,880066,INTELLIGENT CLIP,Led Lenser,,P14,,PKG,7.5,,144,3.75
847706041650,880258,XEO19R,Led Lenser,GREEN,RECHARGEABLE,,PEG,330,299.85,6,165
847706041681,880135,SEO REPLACEMENT HEADLAMPSTRAP,Led Lenser,RED,SEO,,PKG,10,,144,5
847706042978,880081,120V WALL CHARGER,Led Lenser,,USB,,PKG,15,,144,7.5
847706044026,880095,X14,Led Lenser,BLACK,,,BOX,180,149.85,16,90
847706045030,880116,P5R.2,Led Lenser,BLACK,RECHARGEABLE,INTELLIGENT CLIP,PEG,110,99.85,24,55
847706047171,880109,40H NI-MH BATTERY ,Led Lenser,,AUTOMOTIVE,,PKG,5,,144,2.5
847706047843,880157,M8,Led Lenser,BLACK,,INTELLIGENT CLIP,PEG,110,99.85,24,55
847706048635,880104,K2-L,Led Lenser,BLACK,,,BOX,11,,288,5.5
847706051109,880154,CAR CHARGER ADAPTER,Led Lenser,,X21R-M17R-P17R,,PKG,12,,12,6
847706052014,880298,P3 AFS,Led Lenser,BLACK,,CARRYING CASE,PEG,20,,48,10
847706052960,880156,M8,Led Lenser,BLACK,,INTELLIGENT CLIP,BOX,110,99.85,48,55
847706053172,880083,FLOATING CHARGE SYSTEM,Led Lenser,,P5R,,PKG,13,,72,6.5
847706053493,880165,P7QC,Led Lenser,BLACK,WHITE-RED-GREEN-BLUE,CARRYING CASE,BOX,90,79.85,48,45
847706055930,880136,SEO REPLACEMENT HEADLAMPSTRAP,Led Lenser,GREEN,SEO,,PKG,10,,144,5
847706056593,880161,T5.2,Led Lenser,BLACK,,CARRYING CASE,PEG,60,54.85,48,30
847706057323,880098,I5,Led Lenser,BLACK,,,BOX,40,,48,20
847706060002,880138,SEO REPLACEMENT HEADLAMPSTRAP,Led Lenser,BLUE,SEO,,PKG,10,,144,5
847706060194,880074,REMOTE SWITCH,Led Lenser,,T7,,PKG,20,,144,10
847706061078,880148,SHEATH,Led Lenser,,M14,,PKG,5.5,,12,2.75
847706061818,880131,SEO7R&trade;,Led Lenser,BLUE,RECHARGEABLE,,BOX,100,88.85,24,50
847706063232,880160,T5.2,Led Lenser,BLACK,,CARRYING CASE,BOX,60,54.85,72,30
847706064956,880100,I7,Led Lenser,BLACK,,,BOX,50,,48,25
847706069845,880111,M7RX,Led Lenser,BLACK,RECHARGEABLE,INTELLIGENT CLIP,CASE,300,249.85,6,150
847706070414,880091,SIGNAL CONE,Led Lenser,,D14,,PKG,2.5,,72,1.25
847706070858,880077,18650 LI-ION BATTERY,Led Lenser,,M7R-X7R -M7RX,,PKG,20,,96,10
847706071183,880073,SHEATH,Led Lenser,,M7R,,PKG,4,,72,2
847706071664,880115,T7M,Led Lenser,BLACK,,INTELLIGENT CLIP,PEG,105,89.85,24,52.5
847706073811,880067,INTELLIGENT CLIP,Led Lenser,,M14-P17-X14-M14X,,PKG,8,,144,4
847706074153,880256,XEO19R,Led Lenser,WHITE,RECHARGEABLE,,PEG,330,299.85,6,165
847706074245,880125,SEO3&trade;,Led Lenser,GREEN,,,BOX,39,,24,19.5
847706074368,880103,K2,Led Lenser,BLACK,,,PEG,10,,144,5
847706074580,880142,Li-FePO BATTERY,Led Lenser,,M17R-P17R,,PKG,120,,6,60
847706074788,880132,SEO7R&trade;,Led Lenser,BLUE,RECHARGEABLE,,PEG,100,89.85,24,50
847706076744,880076,14500 LI-ION BATTERY,Led Lenser,,P5R,,PKG,14,,96,7
847706077734,880072,SHEATH,Led Lenser,,M5-P5-T5-V^2,,PKG,2.5,,72,1.25
847706077949,880063,INTELLIGENT CLIP,Led Lenser,,M5-P5-P5R-T5-P6,,PKG,6,,144,3
847706077956,880129,SEO5&trade;,Led Lenser,RED,,,BOX,57,49.85,24,28.5
847706078182,880237,10440 LI-ION BATTERY,Led Lenser,,M3R,,PKG,14,,72,7
847706078960,880140,120V WALL CHARGER,Led Lenser,,SEO-USB/MICRO USB (B),,PKG,18.5,,12,9.25
847706079325,880101,K1,Led Lenser,BLACK,,,PEG,10,,144,5
847706081526,880231,XEO19R,Led Lenser,BLACK,RECHARGEABLE,,PEG,330,299.85,6,165
847706082097,880146,4xD Ni-MH RECHARGEABLE BATTERIES,Led Lenser,,X21R,,PKG,100,,6,50
847706083698,880096,X7R,Led Lenser,BLACK,RECHARGEABLE,,CASE,240,199.85,6,120
847706084633,880149,REMOTE SWITCH,Led Lenser,,TAC TORCH,,PKG,15,,12,7.5
847706084701,880221,SIGNAL CONE,Led Lenser,WHITE,M7-T7-P7-P7QC-T7,,PKG,2,,72,1
847706085135,880078,NI-MH AAA BATTERY (3),Led Lenser,,H7R,,PKG,8,,144,4
847706085265,880090,SIGNAL CONE,Led Lenser,,M7-T7-P7-B7,,PKG,2,,72,1
847706087603,880163,M3R,Led Lenser,BLACK,RECHARGEABLE,CARRYING CASE,BOX,80,69.85,72,40
847706088891,880105,KEYCHAIN LIGHT DISPLAY,Led Lenser,BLACK,,,POP,180,,4,90
847706091471,880238,LI-ION BATTERY PACK,Led Lenser,,H7R.2,,PKG,25,,72,12.5
847706092904,880092,SIGNAL CONE,Led Lenser,,M14-P14-M14X,,PKG,3,,72,1.5
847706093178,880097,X21R.2,Led Lenser,BLACK,RECHARGEABLE,,CASE,650,499.85,2,325
847706094137,880139,SEO LI-ION RECHARGEABLE BATTERY,Led Lenser,,SEO,,PKG,16.5,,12,8.25
847706094403,880102,K1-L,Led Lenser,BLACK,,,PEG,10,,144,5
847706094922,880128,SEO5&trade;,Led Lenser,GRAY,,,PEG,57,49.85,24,28.5
847706095271,880137,SEO REPLACEMENT HEADLAMPSTRAP,Led Lenser,GRAY,SEO,,PKG,10,,144,5
847706096582,880094,P3 AFS P,Led Lenser,BLACK,,CARRYING CASE,BOX,40,,72,20
847706096643,880112,M14X,Led Lenser,BLACK,,INTELLIGENT CLIP,BOX,260,219.85,24,130
847706098067,880089,SIGNAL CONE,Led Lenser,,TT-D7,,PKG,2,,72,1
